주요내용,주요내용_정제,지역,원본행,세부사업명,판정,판정근거
지원대상 : 8세 미만 모든 아동 지원내용 : 월 10만원 지급,지원대상: 8세 미만 모든 아동 지원내용: 월 10만원 지급,서울,31,아동수당 지원 확대,공백 정리,공백 제거 후 문자열 동일
지원대상 : 기준중위소둑150%이하 출산가정 지원내용 : 출산가정에 산모생아 건강관리사가 방문하여 산후관리 및 신생아 양육지원,지원대상 : 기준중위소득150%이하 출산가정 지원내용 : 출산가정에 산모신생아 건강관리사가 방문하여 산후관리 및 신생아 양육지원,서울,34,산모신생아 건강관리,명백한 오탈자 교정,문맥상 명백한 오탈자 또는 문장부호 교정
지원대상 : 기준 중위소득 180%이하 가구 지원내용 : 미숙아 및 선천성이상아 의료비 지원,지원대상: 기준 중위소득 180%이하 가구 지원내용: 미숙아 및 선천성이상아 의료비 지원,서울,40,미숙아 및 선천성이상아 의료비 지원 (영유아건강관리),공백 정리,공백 제거 후 문자열 동일
"노인요양시설 이용자 급증에 대비하고, 치매･중풍 등 노인성질환 어르신들이 입소하여 생활할 수 있는 노인요양시설 확충","노인요양시설 이용자 급증에 대비하고, 치매·중풍 등 노인성질환 어르신들이 입소하여 생활할 수 있는 노인요양시설 확충",서울,60,노인요양시설 인프라 구축,명백한 오탈자 교정,문맥상 명백한 오탈자 또는 문장부호 교정
"지원대상 : 7개시설 지원내용 : 인건비, 관리운영비, 프로그램 사업비 등 지원","지원대상: 7개시설 지원내용: 인건비, 관리운영비, 프로그램 사업비 등 지원",서울,62,노인주거복지시설 (양로원) 운영지원,공백 정리,공백 제거 후 문자열 동일
지원대상 : 시범반 신규채용 보육교사 110명 지원내용 : 시범반 보육교사 인건비 지원,지원대상: 시범반 신규채용 보육교사 110명 지원내용: 시범반 보육교사 인건비 지원,서울,93,국공립어린이집 ‘교사 대 아동 비율 축소’ 시범 추진,공백 정리,공백 제거 후 문자열 동일
지원대상 : 평가 기준을 통과한 서울형 어린이집 지원내용 : 인건비 및 운영비 지원,지원대상: 평가 기준을 통과한 서울형 어린이집 지원내용: 인건비 및 운영비 지원,서울,95,서울형 어린이집 운영,공백 정리,공백 제거 후 문자열 동일
성교육 및 성폭력 에방교육 실시,성교육 및 성폭력 예방교육 실시,서울,110,성폭력 제로 안전한 학교,명백한 오탈자 교정,문맥상 명백한 오탈자 또는 문장부호 교정
지원대상 : 서울시6개월이상 거주자로 체외수정(신선배아)건강보험 급여 횟수 소진자 지원내용 : 체외수정(신선배아) 시술비 1인 최대 180만원 지원,지원대상 : 서울시 6개월 이상 거주자로 체외수정(신선배아) 건강보험 급여 횟수 소진자 지원내용 : 체외수정(신선배아) 시술비 1인 최대 180만원 지원,서울,127,서울형 난임부부 시술비 지원,공백 정리,공백 제거 후 문자열 동일
"지원대상 : 서울시6개월이상 거주자로 원인불명의 난임부부 지원내용 : 한의약 난임치료(첩약)비 약 120만원 지원(연1회, 총2회)","지원대상 : 서울시 6개월이상 거주자로 원인불명의 난임부부 지원내용 : 한의약 난임치료(첩약)비 약 120만원 지원(연1회, 총2회)",서울,128,서울형 한의약 난임치료 지원,공백 정리,공백 제거 후 문자열 동일
민간복기거점기관을 활성화하여 지역내 복지자원 네크워크 구축,민간복지 거점기관을 활성화하여 지역내 복지자원 네트워크 구축,서울,165,민간복지 거점기관 활성화 사업,명백한 오탈자 교정,문맥상 명백한 오탈자 또는 문장부호 교정
제 2기 who 고령친화도시 업무 추진,제 2기 WHO 고령친화도시 업무 추진,서울,177,모두가 만족하는 세대공감 고령친화도시 도봉 조성,명백한 오탈자 교정,문맥상 명백한 오탈자 또는 문장부호 교정
지원대상 : 성동구민 지원내용 : 맞춤형 평생교육 지원,지원대상: 성동구민 지원내용: 맞춤형 평생교육 지원,서울,206,구민 맞춤형 평생학습 운영,공백 정리,공백 제거 후 문자열 동일
"지원대상 : 서울시 거주 여성창업기업 및 창업을 희망하는 여성 지원내용 : 입주공간 제공 및 역량강화 프로그램, 마켓팅 등 지원","지원대상 : 서울시 거주 여성창업기업 및 창업을 희망하는 여성 지원내용 : 입주공간 제공 및 역량강화 프로그램, 마케팅 등 지원",서울,223,경력단절여성 취･창업 지원(스페이스 살림 운영),명백한 오탈자 교정,문맥상 명백한 오탈자 또는 문장부호 교정
디지털 생활 문해교욱을 운영하여 구민의 교육기회 확대,디지털 생활 문해교육을 운영하여 구민의 교육기회 확대,서울,275,코로나19 대응 디지털 체험 문해교실 운영,명백한 오탈자 교정,문맥상 명백한 오탈자 또는 문장부호 교정
문해교욱 대상자를 발굴 참여시켜 자신감 고취 방안 강구,문해교육 대상자를 발굴 참여시켜 자신감 고취 방안 강구,서울,277,성인문자해득 교육 지원,명백한 오탈자 교정,문맥상 명백한 오탈자 또는 문장부호 교정
지원대상 : 성동구민 누구나 지원내용 : 관내 정보화 소외 계층에게 정보화 교육 제공,지원대상: 성동구민 누구나 지원내용: 관내 정보화 소외 계층에게 정보화 교육 제공,서울,280,온택트 구민 정보화 교육,공백 정리,공백 제거 후 문자열 동일
"공공도서관 건립지원(지원) 대상 :  16개 구군[ ’22년 8개구 11개사업지원] (조건) 건립부지 확보, 사전행정절차(투자심사 등) 이행 내용 :  공공도서관 건립비 및 리모델링비 지원 (국비 40%, 시비30%) 구비 30% ※복합화 : 국비 50%, 시비 25% 구비 25%","공공도서관 건립지원(지원) 대상 : 16개 구군[ ’22년 8개구 11개사업지원] (조건) 건립부지 확보, 사전행정절차(투자심사 등) 이행 내용 : 공공도서관 건립비 및 리모델링비 지원 (국비 40%, 시비30%) 구비 30% ※복합화 : 국비 50%, 시비 25% 구비 25%",부산,320,든든한 육아동반자 도서관 확충,공백 정리,공백 제거 후 문자열 동일
"사업대상 : 만 19세~ 34세 부모님과 별도 거주 무주택 청년 - 소득기준 : 원가구 기준 중위소득 100% 이하이면서, 본인기준 중위소득 60% 이하 지원내용 : 월 최대 20만원 지원 (최대 240만원)","사업대상 : 만 19세~34세 부모님과 별도 거주 무주택 청년 - 소득기준 : 원가구 기준 중위소득 100% 이하이면서, 본인기준 중위소득 60% 이하 지원내용 : 월 최대 20만원 지원 (최대 240만원)",부산,384,청년월세 한시 특별지원 사업,공백 정리,공백 제거 후 문자열 동일
"구군별 육아 가사 초보아빠 30~100인 구성, 아빠간 네트워킹, 전문가 멘토링, 주간미션, 체험프로그램, 지역특화 등","구･군별 육아 가사 초보아빠 30~100인 구성, 아빠간 네트워킹, 전문가 멘토링, 주간미션, 체험프로그램, 지역특화 등",부산,425,구･군 육아아빠단,명백한 오탈자 교정,문맥상 명백한 오탈자 또는 문장부호 교정
지원대상 : 어린이집 보육교직원 등 지원내용 : 복지수당 등 5개 사업 지원,지원대상: 어린이집 보육교직원 등 지원내용: 복지수당 등 5개 사업 지원,부산,430,보육교사 처우개선 지원,공백 정리,공백 제거 후 문자열 동일
"어린이집 교직원, 아동, 학부모 3,000명 대상으로 영유아보육박람회 및 그림그리기대회","어린이집 교직원, 아동, 학부모 3,000명 대상으로 영유아보육박람회 및 그림그리기 대회",부산,438,영유아보육박람회 및 그림그리기 대회,공백 정리,공백 제거 후 문자열 동일
"(’22년 출생)둘째이후 100만원 지급 (’21년 출생)둘째 50만원, 셋째이후 150만원 지급","('22년 출생)둘째이후 100만원 지급 ('21년 출생)둘째 50만원, 셋째이후 150만원 지급",부산,464,출산지원금 지원,명백한 오탈자 교정,문맥상 명백한 오탈자 또는 문장부호 교정
코로나19 감염예방 및 확산세에 대응하여 살제균청정기 렌탈지 지원으로 어린이집 방역과 안전보육 환경 조성,코로나19 감염예방 및 확산세에 대응하여 살균청정기 렌탈비 지원으로 어린이집 방역과 안전보육 환경 조성,부산,505,어린이집 제균청정기 렌탈비 지원,명백한 오탈자 교정,문맥상 명백한 오탈자 또는 문장부호 교정
"둘째 이후 출산 가정 출산축하금 지원 - 둘째 20만원, 셋쩨이후 200만원","둘째 이후 출산 가정 출산축하금 지원 - 둘째 20만원, 셋째이후 200만원",부산,536,출산축하금 지원,명백한 오탈자 교정,문맥상 명백한 오탈자 또는 문장부호 교정
관내 어린이집 어린이집 냉･난방비 지원,관내 어린이집 냉･난방비 지원,부산,549,어린이집 냉･난방비 지원,명백한 오탈자 교정,문맥상 명백한 오탈자 또는 문장부호 교정
구청사 부설주차장 다자녀가정 차량(다자녀우대 스티커 부착 차량) 승용차요일제 제외,구청사 부설주차장 다자녀가정 차량(다자녀우대 스티커 부착 차량) 승용차 요일제 제외,부산,556,다자녀 차량 승용차 요일제 제외,공백 정리,공백 제거 후 문자열 동일
부산진구 거주 아동 및 가족 396 명 /숲 밧줄 놀이터 체험,부산진구 거주 아동 및 가족 396 명/숲 밧줄 놀이터 체험,부산,567,아동의 놀권리 보장 ‘숲밧줄 놀이터’ 운영,공백 정리,공백 제거 후 문자열 동일
관내 사립유치원12개소에 연1회 냉난방비 60만원 지원,관내 사립유치원 12개소에 연 1회 냉난방비 60만원 지원,부산,712,사립유치원 냉난방비 지원,공백 정리,공백 제거 후 문자열 동일
교육대상 : 중･고등학생 교육내용 : 중･고등학생을 대상으로 성희롱･성폭롁 예방 콘텐츠 공모 후 이를 수영구TV에 개제,교육대상 : 중･고등학생 교육내용 : 중･고등학생을 대상으로 성희롱･성폭력 예방 콘텐츠 공모 후 이를 수영구TV에 게재,부산,739,또래가 함께하는 성희롱･성폭력 예방 콘텐츠 공모,명백한 오탈자 교정,문맥상 명백한 오탈자 또는 문장부호 교정
보육도우미를 지원하여 복육교사의 업무부담을 완화시키고 보육교직원 인력을 양성하여 안심하고 아리를 맡길수 있는 보육환경을 조성,보육도우미를 지원하여 보육교사의 업무부담을 완화시키고 보육교직원 인력을 양성하여 안심하고 아이를 맡길 수 있는 보육환경을 조성,부산,783,안심보육도우미 지원,명백한 오탈자 교정,문맥상 명백한 오탈자 또는 문장부호 교정
정주여건 개선 및 주민과 노인 삶의 질 향행,정주여건 개선 및 주민과 노인 삶의 질 향상,부산,867,반디문화센터 운영,명백한 오탈자 교정,문맥상 명백한 오탈자 또는 문장부호 교정
복지시설 등에 일자리 제공12여명,복지시설 등에 일자리 제공 12여명,부산,881,노인 일자리 확충,공백 정리,공백 제거 후 문자열 동일
"구직자 취업 컨설팅, 온·오프라인 채용행사 개최·지원, 취업지원 교육 프로그램 운영, 기타 취업지원서비스에 관한 사항","구직자 취업 컨설팅, 온·오프라인 채용행사 개최·지원, 취업지원 교육 프로그램 운영, 기타 취업지원서비스에 관한 사항",부산,929,일자리종합센터 운영,명백한 오탈자 교정,문맥상 명백한 오탈자 또는 문장부호 교정
"학자금 및 신용대출 등으로 인해 채무불이행자로 전락, 사회진입에 어려움을 겪고 있는 청년들에게 1,500만원이내 1%의 저금리 자금지원을 통한 신용회복과 원활한 사회진입 지원","학자금 및 신용대출 등으로 인해 채무불이행자로 전락, 사회진입에 어려움을 겪고 있는 청년들에게 1,500만원 이내 1%의 저금리 자금지원을 통한 신용회복과 원활한 사회진입 지원",부산,961,청년신용회복지원사업 (청년부비론),공백 정리,공백 제거 후 문자열 동일
청년들의 다양한 의견을 주렴하여 청년 정책을 발굴 제안하고 지역 청년들의 교류 활성화 및 구정 참여 촉진,청년들의 다양한 의견을 수렴하여 청년 정책을 발굴 제안하고 지역 청년들의 교류 활성화 및 구정 참여 촉진,부산,1038,사하청년네트워크 운영,명백한 오탈자 교정,문맥상 명백한 오탈자 또는 문장부호 교정
전시회 개최 통한 국내외 마케팅 기회 게종,전시회 개최 통한 국내외 마케팅 기회 개척,부산,1099,국제복지재활시니어전시회 개최,원문 유지,불명확한 단어를 '개척'으로 치환했지만 다른 원문일 가능성이 있음
온라인 저출산･고령화 대응 주민 교육･홍보 프로그램 운영,온라인 저출산·고령화 대응 주민 교육·홍보 프로그램 운영,부산,1151,주민 참여형 인구정책 교육･캠페인 추진,명백한 오탈자 교정,문맥상 명백한 오탈자 또는 문장부호 교정
"공동주택 리모델링 : 40개소, 민간어린이집 장기임차 11개소 공동주택 국공립어린이집 시설환경개선비 143개소","공동주택 리모델링 : 40개소, 민간어린이집 장기임차 11개소, 공동주택 국공립어린이집 시설환경개선비 143개소",대구,1180,국공립어린이집 확충,명백한 오탈자 교정,문맥상 명백한 오탈자 또는 문장부호 교정
"공동생활가정 (11개소) 종사자 인건비, 시설 운영비, 보호아동 지원","공동생활가정(11개소) 종사자 인건비, 시설 운영비, 보호아동 지원",대구,1196,요보호아동 그룹홈 운영 지원,공백 정리,공백 제거 후 문자열 동일
"1388 청소년전화, 일시보호소 운영,cys-net 운영위원회, 실행위원회, 필수연계기관 협력 촉진 등","1388 청소년전화, 일시보호소 운영, cys-net 운영위원회, 실행위원회, 필수연계기관 협력 촉진 등",대구,1218,지역사회 청소년안전망 구축(CYS-Net),공백 정리,공백 제거 후 문자열 동일
"권역 난임 우울증 상담센터 1개소 인건비, 운영비 지원","권역 난임우울증 상담센터 1개소 인건비, 운영비 지원",대구,1240,권역 난임우울증 상담센터 운영,공백 정리,공백 제거 후 문자열 동일
"기준중위소득 180% 이하(363명) 선천성 대사 이상 선별검사비(20-50천원), 확진검사비(70천원이내), 환아관리비 지원",기준중위소득 180% 이하(363명) 선천성 대사이상 및 환아관리비 지원,대구,1242,선천성 대사이상 및 환아관리비 지원,원문 유지,선별·확진검사비와 환아관리비 세부 정보가 삭제됨
노인여가프로그램 발굴 및 보급 및 경로당 현항 D/B 구충 구군 경로당 프로그램관리자 역량 강화 교육 및 취약분야 지원,노인여가프로그램 발굴 및 보급 및 경로당 현황 D/B 구축 및 구군 경로당 프로그램관리자 역량 강화 교육 및 취약분야 지원,대구,1266,경로당광역지원센터운영,원문 유지,오탈자 교정과 함께 원문에 없던 접속어 '및'이 추가됨
"청년 취,창업 지원으로 지역혁신 및 지역정착유도",청년 취창업 지원으로 지역혁신 및 지역정착유도,대구,1285,지역주도형청년일자리사업,명백한 오탈자 교정,문맥상 명백한 오탈자 또는 문장부호 교정
다문화가족의 다양한 문제해결 및 욕구해소를 위한 사레관리 서비스제공,다문화가족의 다양한 문제해결 및 욕구해소를 위한 사례관리 서비스제공,대구,1295,다문화가족 사례관리 지원,명백한 오탈자 교정,문맥상 명백한 오탈자 또는 문장부호 교정
대구지역 거주 신혼부부에게 전세자금 대출 금액에 대하여 0.5~0.7% 이자지원,지역대구 거주 신혼부부에게 전세자금 대출 금액에 대하여 0.5~0.7% 이자지원,대구,1336,버팀목 신혼부부 전세자금 대출이자 지원,원문 유지,'대구지역'이 '지역대구'로 이동·변형되어 문장이 잘못됨
다자녀가정 고등학생 입학축학금 지원,다자녀가정 고등학생 입학축하금 지원,대구,1338,다자녀가정 고등학생 지원,명백한 오탈자 교정,문맥상 명백한 오탈자 또는 문장부호 교정
"양육보조금(일반, 전문, 일시위탁 구분), 심성관리비, 대학입학･등록금 등 지원","양육보조금(일반, 전문, 일시위탁 구분), 심성관리비, 대학입학·등록금 등 지원",대구,1341,소년소녀가정 및 가정위탁양육 지원,명백한 오탈자 교정,문맥상 명백한 오탈자 또는 문장부호 교정
"둘째아100만원, 셋째아 이상200만원","둘째아 100만원, 셋째아 이상 200만원",대구,1367,출산축하금 지원,공백 정리,공백 제거 후 문자열 동일
"둘째아 5만원*24개월, 셋째아 이상 20만원 *18개월","둘째아 5만원*24개월, 셋째아 이상 20만원*18개월",대구,1368,출산장려금 지원,공백 정리,공백 제거 후 문자열 동일
0 ~ 4세 유아를 둔 유아차를 가지고 있는 부모,0~4세 유아를 둔 유아차를 가지고 있는 부모,대구,1372,유아차 걷기 한마당,공백 정리,공백 제거 후 문자열 동일
"(사)대구노인복지협회 노인복지시설 결연 후원사업 지원을 위한 인건비, 홍보비 지원","(사)대구노인복지협회 노인복지시설 결연후원사업 지원을 위한 인건비, 홍보비 지원",대구,1413,노인복지시설 결연후원사업,공백 정리,공백 제거 후 문자열 동일
지역적 특성과 수요를 반영한 지역별 대표사업 (특화과정) 공모,지역적 특성과 수요를 반영한 지역별 대표사업(특화과정) 공모,대구,1444,시민맞춤형 평생학습,공백 정리,공백 제거 후 문자열 동일
청년 (예비)창업자 발굴 육성,청년(예비)창업자 발굴 육성,대구,1477,C-Seed 청년 스타트업 육성사업 (청년창업 지원사업),공백 정리,공백 제거 후 문자열 동일
지원대상 : 평가등급 B이상 등 요건 총족 어린이집 지원내용 : 어린이집 교재교구비 지원,지원대상 : 평가등급 B이상 등 요건 충족 어린이집 지원내용 : 어린이집 교재교구비 지원,인천,1525,교재교구비 지원,명백한 오탈자 교정,문맥상 명백한 오탈자 또는 문장부호 교정
"저소득, 장애 아동 청소년 구강보건서비스 제공",저소득 장애 아동 청소년 구강보건서비스 제공,인천,1549,"저소득층 아동,청소년 구강보건사업",원문 유지,"'저소득, 장애 아동'의 쉼표 삭제로 지원 대상 의미가 달라질 수 있음"
"[초기지원(확대)] 지원대상 : 1년미만 청년 창업자 10명 지원내용 : 임차료, 마케팅비 등 최대 1,200만원 지원, 컨설팅 1인 3회 지원 [성장지원(신규)] 지원대상 : 청년 1명이상 고용중인 5년이하 청년 창업자 5명 지원내용 : 임차료, 마케팅비 등 최대 1,500만원 지원, 컨설팅 1인 3회 지원","세부사업명(참고용): 청년 창업 재정지원 사업(부평구)
원문: [초기지원(확대)] 지원대상 : 1년미만 청년 창업자 10명 지원내용 : 임차료, 마케팅비 등 최대 1,200만원 지원, 컨설팅 1인 3회 지원 [성장지원(신규)] 지원대상 : 청년 1명이상 고용중인 5년이하 청년 창업자 5명 지원내용 : 임차료, 마케팅비 등 최대 1,500만원 지원, 컨설팅 1인 3회 지원",인천,1614,청년 창업 재정지원 사업(부평구),원문 유지,사업명과 응답 형식 레이블이 정제문장에 혼입됨
"지원대상 : 유,초,중,고 재(원)학 중인 다문화 학(원)생과 학부모 지원내용 : 학생 맞춤형 교육지원 및 다문화 이해 제고","지원대상 : 유,초,중,고 재학 중인 다문화 학생과 학부모 지원내용 : 학생 맞춤형 교육지원 및 다문화 이해 제고",인천,1616,다문화가족 생애주기별 맞춤형 서비스,원문 유지,"'재(원)학', '학(원)생'의 범위 표시가 삭제됨"
아버지 소통 능력 향상 아버지 역할 및 관계 향상 교육 가족관게 향상 교육 등,아버지 소통 능력 향상 아버지 역할 및 관계 향상 교육 가족관계 향상 교육 등,인천,1641,부평구 열린아버지 학교 운영(부평구),명백한 오탈자 교정,문맥상 명백한 오탈자 또는 문장부호 교정
장려수당 : 보육교직원/월 3만원 장기근속수당 : 3년이상 재직 보육교사/월 3만원 평가인증연구활동비 : 평가인증시설에서 1년이상 재직한 보육교사 및 원장/월 5만원 명졀격려수당 : 지급 월 15일 이상 근무한 보육교사/설추석 각 3만원,장려수당 : 보육교직원/월 3만원 장기근속수당 : 3년이상 재직 보육교사/월 3만원 평가인증연구활동비 : 평가인증시설에서 1년이상 재직한 보육교사 및 원장/월 5만원 명절격려수당 : 지급 월 15일 이상 근무한 보육교사/설추석 각 3만원,인천,1659,보육교직원 처우개선 지원(서구),명백한 오탈자 교정,문맥상 명백한 오탈자 또는 문장부호 교정
지원대상 : 어린이집 원장 지원내용 : 어린이집원장 역량강화교육 지원,지원대상 : 어린이집 원장 지원내용 : 어린이집 원장 역량강화교육 지원,인천,1664,어린이집 원장 역량강화 교육(미추홀구),공백 정리,공백 제거 후 문자열 동일
"만3~5세 보육료 28,176명 지원(전계층) - 지원단가 * 보 육 료 : 만3~5세 260천원(’21년 기준) * 담임수당 : 240~360천원 * 운 영 비 : 현원에 따른 차등지원","만3~5세 보육료 28,176명 지원(전계층) - 지원단가 * 보육료 : 만3~5세 260천원(’21년 기준) * 담임수당 : 240~360천원 * 운영비 : 현원에 따른 차등지원",인천,1674,만3~5세 누리과정 운영,공백 정리,공백 제거 후 문자열 동일
지원대상 : 중위소득 150%이하 등 지원내용 : 산모신생아 건강관리 서비스 본임부담 일부 지원,지원대상 : 중위소득 150%이하 등 지원내용 : 산모신생아 건강관리 서비스 본인부담금 일부 지원,인천,1760,산모신생아 건강관리 서비스 본인부담금 지원,명백한 오탈자 교정,문맥상 명백한 오탈자 또는 문장부호 교정
"사업대상 : 관내 임사부 및 영유아 사업내용 : 모유수유, 임산부 해피맘육아교실운영","사업대상 : 관내 임산부 및 영유아 사업내용 : 모유수유, 임산부 해피맘육아교실운영",인천,1793,여성과어린이 건강증진사업 (강화군)-신규,명백한 오탈자 교정,문맥상 명백한 오탈자 또는 문장부호 교정
의료취약계층 대상 무료수술및 암지원사업,의료취약계층 대상 무료수술 및 암지원사업,인천,1818,인천 손은 약손사업,공백 정리,공백 제거 후 문자열 동일
"지원대상 : 인지기능저하자, 경도치매환자 및 가족 등 지원내용 : 뇌건강 북카페 운영 및 인지향상 프르그램 운영 등","지원대상 : 인지기능저하자, 경도치매환자 및 가족 등 지원내용 : 뇌건강 북카페 운영 및 인지향상 프로그램 운영 등",인천,1819,뇌건강학교 운영,명백한 오탈자 교정,문맥상 명백한 오탈자 또는 문장부호 교정
지원대상 : 치매안심돌봄터(치매전담형주간보호시설) 지원내용 : 치매전담형 주간보호시설로 안정적 전환을 도모하기 위한 한시적 운영비 지원,지원대상 : 치매안심돌봄터(치매전담형 주간보호시설) 지원내용 : 치매전담형 주간보호시설로 안정적 전환을 도모하기 위한 한시적 운영비 지원,인천,1820,치매안심돌봄터(치매전담형 주간보호시설) 운영 지원,공백 정리,공백 제거 후 문자열 동일
공공기관 신규 채용 시 청년의무고용 (정원의 3% 이상),공공기관 신규 채용 시 청년의무고용(정원의 3% 이상),인천,1883,청년의무 고용할당제 확대,공백 정리,공백 제거 후 문자열 동일
지원대상 : 만18세이상 만40세미만 농업인 지원내용 : 기계 섧비 장비 등 생산기반 지원,지원대상 : 만18세이상 만40세미만 농업인 지원내용 : 기계 설비 장비 등 생산기반 지원,인천,1886,청년농업인 영농 스타트업 지원,명백한 오탈자 교정,문맥상 명백한 오탈자 또는 문장부호 교정
애로사항이 있는 중소기업에 일자리매니저가 붕문하여 문제진단 및 현장 클리닉을 통해 기업 성장 도모,애로사항이 있는 중소기업에 일자리매니저가 방문하여 문제진단 및 현장 클리닉을 통해 기업 성장 도모,인천,1899,일자리창출을 위한 중소기업 맞춤형 성장프로젝트(남동구)-신규),명백한 오탈자 교정,문맥상 명백한 오탈자 또는 문장부호 교정
"지원대상 : 10개소(군˙구별 1개소) 지원내용 - 테마가 있는 경로당 환경개선비, 물품구입비 등 지원 * 공유부엌형, 북카페형, 작은복지센터형 등","지원대상 : 10개소(군·구별 1개소) 지원내용 - 테마가 있는 경로당 환경개선비, 물품구입비 등 지원 * 공유부엌형, 북카페형, 작은복지센터형 등",인천,1908,개방형 경로당 사업,명백한 오탈자 교정,문맥상 명백한 오탈자 또는 문장부호 교정
만8세 미민 아동 수당 지급,만8세 미만 아동 수당 지급,광주,1981,아동수당,명백한 오탈자 교정,문맥상 명백한 오탈자 또는 문장부호 교정
초등돌봄교실290실운영지원,초등돌봄교실 290실 운영 지원,광주,1983,수요자 중심 온종일돌봄 지속 확충,공백 정리,공백 제거 후 문자열 동일
아동권리 교육 시행,아동권리교육 시행,광주,2100,아동권리교육 및 인식개선,공백 정리,공백 제거 후 문자열 동일
공공시설 비상용 생리대자판기 운영,공공시설 비상용생리대자판기 운영,광주,2107,공공시설 비상용생리대자판기 운영,공백 정리,공백 제거 후 문자열 동일
심뇌 혈관 질환 예방 및 개선 교육,심뇌혈관 질환 예방 및 개선 교육,광주,2119,만성질환 건강지킴이 교실 운영,공백 정리,공백 제거 후 문자열 동일
대한 노인회 남구지회 지원,대한노인회남구지회 지원,광주,2155,대한노인회남구지회 지원,공백 정리,공백 제거 후 문자열 동일
지원대상 : 유치원･어린이 집 등 어린이 급식소 지원내용 : 순회방문･레시피 제공 등 영양･위생관리 지원,지원대상 : 유치원･어린이집 등 어린이 급식소 지원내용 : 순회방문･레시피 제공 등 영양･위생관리 지원,대전,2216,어린이급식관리지원센터 설치운영사업,공백 정리,공백 제거 후 문자열 동일
보건소 등록 임산부에게 표준모자보건수첩 제공,보건소 등록 임산부에게 표준모자보건보건수첩 제공,대전,2244,표준모자보건수첩제작,원문 유지,'보건'이 중복 삽입됨
보건소 등록 임산부에게 표준모자보건수첩 제공,보건소 등록 임산부에게 표준모자보건보건수첩 제공,대전,2261,표준모자보건수첩제작,원문 유지,'보건'이 중복 삽입됨
"육아종합지원 센터 운영(부모교육, 육아상담, 장난감대여, 놀이체험실 운영 등)","육아종합지원센터 운영(부모교육, 육아상담, 장난감대여, 놀이체험실 운영 등)",대전,2372,육아종합지원센터 운영,공백 정리,공백 제거 후 문자열 동일
직장어린이집 운영으로 직원들의 육아부담 해소 및 일·가정 양립에 기여하여 직원 복지 실현,직장어린이집 운영으로 직원들의 육아부담 해소 및 일·가정 양립에 기여하여 직원 복지 실현,대전,2377,대덕구청 직장어린이집 운영,명백한 오탈자 교정,문맥상 명백한 오탈자 또는 문장부호 교정
"매주 금요일을 해피데이로 지정, 정시 퇴근함으로써 가족과 문화･여가 활동 향유","매주 금요일을 해피데이로 지정, 정시 퇴근함으로써 가족과 문화·여가 활동 향유",대전,2378,대덕구 해피데이 (Happy Day) 운영,명백한 오탈자 교정,문맥상 명백한 오탈자 또는 문장부호 교정
아기 주민등록증 발급,아기주민등록증 발급,대전,2441,아기주민등록증 발급,공백 정리,공백 제거 후 문자열 동일
은퇴자를 대상으로 도서관 (명예)사서 양성 후 도서관 배치(활동),은퇴자를 대상으로 도서관(명예)사서 양성 후 도서관 배치(활동),대전,2500,도서관 실버사서 양성,공백 정리,공백 제거 후 문자열 동일
중고교 신입생 교복 지원,중･고 신입생 교복 지원,대전,2514,중･고 신입생 교복 지원,원문 유지,'중고교'를 사업명 표현으로 재작성하고 '교'를 삭제함
청년들의 자발적 모임 활동 지원을 통해 청년 활동 기반을 강화하고 청년 들의 사회참여 활성화,청년들의 자발적 모임 활동 지원을 통해 청년 활동 기반을 강화하고 청년들의 사회참여 활성화,대전,2537,동구 청년커뮤니티 활동 지원 사업,공백 정리,공백 제거 후 문자열 동일
"봉사활동 기관 배치, 실비 지급, 동아리 활동 지원 등 봉사단 운영･관리","봉사활동 기관 배치, 실비 지급, 동아리 활동 지원 등 봉사단 운영·관리",대전,2553,대전금빛평생교육봉사단 운영,명백한 오탈자 교정,문맥상 명백한 오탈자 또는 문장부호 교정
임차보증금 7천만원 이내 융자 추전과 이자 지원(2.7%),임차보증금 7천만원 이내 융자 추천과 이자 지원(2.7%),대전,2566,청년 주택임차보증금 이자지원,명백한 오탈자 교정,문맥상 명백한 오탈자 또는 문장부호 교정
"주민들에게 인구문제의 심각성을 알리고 결혼, 출산에 대한 긍정적인 가치관을 심어주가 위함.","주민들에게 인구문제의 심각성을 알리고 결혼, 출산에 대한 긍정적인 가치관을 심어주기 위함.",대전,2575,저출산 인식개선 교육 및 홍보,명백한 오탈자 교정,문맥상 명백한 오탈자 또는 문장부호 교정
도심에 비해 상대적으로 열악한 농촌 보육서비스 활성화를 위해 농촌 소재 어린이집 보육교사 처우개선비,도심보다 상대적으로 열악한 농촌 보육서비스 활성화를 위해 농촌 소재 어린이집 보육교사 처우개선비,울산,2605,농촌 보육교사 특별근무수당 지원,원문 유지,'도심에 비해'를 '도심보다'로 문체 변경
어린이집에 근무하는 담임교사의 처우개선을 위한 수당,어린이집근무담임교사의처우개선을위한수당,울산,2609,담임교사 지원,원문 유지,조사와 공백을 삭제해 문장을 압축·재작성함
"만0~2세 어린이집 이용 영유아 19,827명, 매월 부모가 바우처카드 (아이행복카드) 이용 결제","만0~2세 어린이집 이용 영유아 19,827명, 매월 부모가 바우처카드(아이행복카드) 이용 결제",울산,2636,영유아보육료 지원,공백 정리,공백 제거 후 문자열 동일
미숙아및 선천성이상아 가정의 의료비 과다 지출로인한 치료포기 발생 방지로 영아 사망 예방,미숙아 및 선천성이상아 가정의 의료비 과다 지출로 인한 치료포기 발생 방지로 영아 사망 예방,울산,2650,미숙아 및 선천성이상아 의료비 지원,공백 정리,공백 제거 후 문자열 동일
노인일자리 사화활동을 확대 지원하여 활력있는 노후생활 지원,노인일자리 사회활동을 확대 지원하여 활력있는 노후생활 지원,울산,2665,노인 일자리 사업을 통한 노년기 소득 보장,명백한 오탈자 교정,문맥상 명백한 오탈자 또는 문장부호 교정
의사결정능력 부족으로 어려움을 겪고있는 치매노인에게 성년후견제도 이용 지원,의사결정능력 부족으로 어려움을 겪고 있는 치매노인에게 성년후견제도 이용 지원,울산,2671,치매공공후견사업,공백 정리,공백 제거 후 문자열 동일
근로･사업소득이 있는 청년(15~39세) 생계수급자 중 총 근로･사업소득이기준 중위소득 20%이상 - 근로소득공제액(10만원)+정부지원금(월평균 31만원)+민간장려금(2만원),근로･사업소득이 있는 청년(15~39세) 생계수급자 중 총 근로･사업소득이 기준 중위소득 20% 이상 - 근로소득공제액(10만원)+정부지원금(월평균 31만원)+민간장려금(2만원),울산,2686,청년희망키움통장 지원사업,공백 정리,공백 제거 후 문자열 동일
창업초기 청년어업인의 앙ㄴ정적인 어촌 정착 지원,창업초기 청년어업인의 안정적인 어촌 정착 지원,울산,2690,청년어촌정착지원 사업,명백한 오탈자 교정,문맥상 명백한 오탈자 또는 문장부호 교정
"저출산 현장 극복캠페인, 울 산 ‘100인의 아빠단’ 운영.저출산 극복 사회연대회의 정기회의 등","저출산 현장 극복캠페인, 울산 ‘100인의 아빠단’ 운영.저출산 극복 사회연대회의 정기회의 등",울산,2694,저출산 고령사회 대비 국민인식개선 사업,공백 정리,공백 제거 후 문자열 동일
"직장내 성희롱, 성폭령, 성매매, 가정폭력 제로위한 교육, 쳬계마련","직장내 성희롱, 성폭력, 성매매, 가정폭력 제로위한 교육, 체계마련",울산,2725,(울주군) 성희롱･성폭력･성매매･가 정폭력 제로,명백한 오탈자 교정,문맥상 명백한 오탈자 또는 문장부호 교정
가족해체 등의 사유로 양육할 수 없는 상황에서 아동양육을 지원함으로써 건전한 사회인으로 성잘할 수 있도록 지원,가족해체 등의 사유로 양육할 수 없는 상황에서 아동양육을 지원함으로써 건전한 사회인으로 성장할 수 있도록 지원,울산,2731,가정위탁아동 보호,명백한 오탈자 교정,문맥상 명백한 오탈자 또는 문장부호 교정
"치매 조호물품 제공 1년이 경과한 기준중위소득 120% 이하(기초생활수급자 및 차상위계층대상자 제외) 어르신 조호물품 (기저귀, 물티슈 등) 지원","치매 조호물품 제공 1년이 경과한 기준중위소득 120% 이하(기초생활수급자 및 차상위계층대상자 제외) 어르신 조호물품(기저귀, 물티슈 등) 지원",울산,2809,(울주군) 치매 어르신 조호물품 택배서비스 지원,공백 정리,공백 제거 후 문자열 동일
"고령화 적극대응, 회원자격 유지를위한 모니터링 및 피드백","고령화 적극대응, 회원자격 유지를 위한 모니터링 및 피드백",울산,2812,고령친화도시 조성사업,공백 정리,공백 제거 후 문자열 동일
"남구체육회 종목단체 소속 어르신 대상, 대최 출전 및 운동용품 지원","남구체육회 종목단체 소속 어르신 대상, 대회 출전 및 운동용품 지원",울산,2817,(남구) 어르신 체육활동 지원,명백한 오탈자 교정,문맥상 명백한 오탈자 또는 문장부호 교정
지역 청년창업자를 발굴하여 창업및 일자리 제공,지역 청년창업자를 발굴하여 창업 및 일자리 제공,울산,2851,청년CEO 육성사업,공백 정리,공백 제거 후 문자열 동일
"관내 초･중･고 대상, 학교-지자체가 협력하여 마을결합형 교육 사업 운영","관내 초·중·고 대상, 학교-지자체가 협력하여 마을결합형 교육 사업 운영",울산,2852,(남구) 서로나눔 교육지구 사업,명백한 오탈자 교정,문맥상 명백한 오탈자 또는 문장부호 교정
"우수 예비, 초기 창업자 발굴 및 교육, 활동비 지원","우수 예비초기 창업자 발굴 및 교육, 활동비 지원",울산,2869,(울주군) 청년창업아카데미 운영,원문 유지,"'예비, 초기' 사이 구분자를 삭제해 대상 범위가 달라질 수 있음"
"임산부, 출산부에게 친환경농사물 꾸러미를 연 48만원 수준으로 공급","임산부, 출산부에게 친환경농산물 꾸러미를 연 48만원 수준으로 공급",세종,2939,임산부 친환경농산물 꾸러미 지원(신규),명백한 오탈자 교정,문맥상 명백한 오탈자 또는 문장부호 교정
기준 중위소득 150% 초과~180%미만 가정 산모신생아 건강관리사 파견 지원,기준 중위소득 150% 초과~180% 미만 가정 산모신생아 건강관리사 파견 지원,세종,2969,맘편한 산후조리지원 사업,공백 정리,공백 제거 후 문자열 동일
출산축하금 120만운 지역화폐 지급,출산축하금 120만 원 지역화폐 지급,세종,2970,출산축하금 지원,명백한 오탈자 교정,문맥상 명백한 오탈자 또는 문장부호 교정
육아 휴직 사용문화 확산,육아휴직 사용문화 확산,세종,2984,육아휴직 사용 문화 정착,공백 정리,공백 제거 후 문자열 동일
관내 경로당 활성화 프로그랭 운영 및 경로당 필요물품 지원,관내 경로당 활성화 프로그램 운영 및 경로당 필요물품 지원,세종,3000,경로당 활성화 지원,명백한 오탈자 교정,문맥상 명백한 오탈자 또는 문장부호 교정
가족복지의 원할한 업무 추진과 함께 센터 내 직원 사기 증진을 위한 종사자 처우개선,가족복지의 원활한 업무 추진과 함께 센터 내 직원 사기 증진을 위한 종사자 처우개선,세종,3036,건강가정다문화가족지원 센터 운영 지원,명백한 오탈자 교정,문맥상 명백한 오탈자 또는 문장부호 교정
학생 생명존중교육 자료 개발 및 생명살림위원회 운영 등,학생생명존중교육 자료 개발 및 생명살림위원회 운영 등,경기,3086,학생생명존중교육 운영,공백 정리,공백 제거 후 문자열 동일
"상담원 도인건비 추가 및 종사자 시간외근무수당 지원, 종사자 특수근무수당 및 처우개선비 지원, 도직접기관 1개소 차량 임차료 지원","상담원도인건비 추가 및 종사자 시간외근무수당 지원, 종사자 특수근무수당 및 처우개선비 지원, 도직접기관 1개소 차량 임차료 지원",경기,3136,아동보호전문기관 운영,공백 정리,공백 제거 후 문자열 동일
둘째 이상 출샨갸정 또는 첫째자녀 이상 입양가정에 출산지원금 지급,둘째 이상 출산가정 또는 첫째자녀 이상 입양가정에 출산지원금 지급,경기,3151,수원시 출산･입양지원금 지급,명백한 오탈자 교정,문맥상 명백한 오탈자 또는 문장부호 교정
장아아통합(전문) 지정 어린이집 확대 및 지정어린이집 보조금 지급,장애아통합(전문) 지정 어린이집 확대 및 지정어린이집 보조금 지급,경기,3154,장애아통합어린이집 확대,명백한 오탈자 교정,문맥상 명백한 오탈자 또는 문장부호 교정
임산부 건강관리 능력향상을 위한 임산부 건강 프로그램 운영,임산부건강관리 능력향상을 위한 임산부 건강 프로그램 운영,경기,3289,임산부건강관리 프로그램,공백 정리,공백 제거 후 문자열 동일
"평가인증 받은 어린이집에 0세아 전용 어린이집 운영지원, 우수축산물 차액 지원등 보조금 지원 통해 보육의 질 제고","평가인증 받은 어린이집에 0세아 전용 어린이집 운영지원, 우수축산물 차액 지원 등 보조금 지원 통해 보육의 질 제고",경기,3349,평가인증어린이집 보육지원,공백 정리,공백 제거 후 문자열 동일
관내 출산 산모에게 산모 신생아 건강관리사 지원,관내 출산 산모에게 산모신생아 건강관리사 지원,경기,3374,산모신생아 건강관리사 지원,공백 정리,공백 제거 후 문자열 동일
특별교퉁수단 이용대상 포함(임산부 대상),특별교통수단 이용대상 포함(임산부 대상),경기,3377,임산부 이동 지원 (착한수레),명백한 오탈자 교정,문맥상 명백한 오탈자 또는 문장부호 교정
"지원대상 : 출생신고된 아동 중, 출생일 또는 입양일을 기준으로 보호자가 180일 이전부터 광주시에 주민등록을 두고 있는 첫째 이상의 자녀 사업내용 첫째아 : 300천원 둘째아 : 500천원 - 셋째아 : 1,000천원","지원대상 : 출생신고된 아동 중, 출생일 또는 입양일을 기준으로 보호자가 180일 이전부터 광주시에 주민등록을 두고 있는 첫째 이상의 자녀 사업내용 첫째아 : 300천원 둘째아 : 500천원 셋째아 : 1,000천원",경기,3469,출산장려금 지원,명백한 오탈자 교정,문맥상 명백한 오탈자 또는 문장부호 교정
다자녀지원정책(쓰레기봉투 지원사업),다자녀지원정책(공영주차장 주차요금 할인),경기,3509,다자녀지원정책(공영주차 장 주차요금 할인),원문 유지,쓰레기봉투 지원 내용이 사업명의 주차요금 할인 내용으로 치환됨
유치원 종일반 운영지원통해 학부모 부담경감,유치원 종일반 운영지원을 통해 학부모 부담경감,경기,3530,지역아동센터 운영 내실화,명백한 오탈자 교정,문맥상 명백한 오탈자 또는 문장부호 교정
"오산지역의 보육허브 역할을 위해 어린이집 미 이용 영유아-부모에게 육아 프로그램, 부모교육, 전문상담, 육아정보 등 제공","오산지역의 보육허브 역할을 위해 어린이집 미이용 영유아-부모에게 육아 프로그램, 부모교육, 전문상담, 육아정보 등 제공",경기,3580,아이사랑놀이터 운영비 지원,공백 정리,공백 제거 후 문자열 동일
회천청소년문화의 집 운영,회천청소년문화의집 운영,경기,3615,청소년 수련시설 (청소년문화의집) 확충 운영,공백 정리,공백 제거 후 문자열 동일
"예산규모 : 3800천원 사업대상 : 입양 신고일을 기준으로 6개월 이상 주민등록을 두 실제 거주하는 입양아동 중 초,중,고등학교 신입생을 양육하는 입양가구 사업규모 : 약 10명 지원내용 : 초등학교 신입생 200천원 / 중･고등학교 신입생 500천원","예산규모 : 3800천원 사업대상 : 입양 신고일을 기준으로 6개월 이상 주민등록을 두고 실제 거주하는 입양아동 중 초,중,고등학교 신입생을 양육하는 입양가구 사업규모 : 약 10명 지원내용 : 초등학교 신입생 200천원 / 중･고등학교 신입생 500천원",경기,3659,입양아동 입학축하금,명백한 오탈자 교정,문맥상 명백한 오탈자 또는 문장부호 교정
"(기존) 출생일 기준 6개월 이상 포천시에 주민등록을 두고 실제 거주한 출산가정의 출산장려금 지급, 둘째아부터 지원 (변경) 출생일 기준 1년 이전부터 포천시에 주민등록을 두고 실제 거주하는 출산가정의 출산축하금 확대 지원, 첫째아부터 지원","출생일 기준 6개월 이상 포천시에 주민등록을 두고 실제 거주한 출산가정의 출산장려금 지급, 둘째아부터 지원",경기,3665,출산장려금 지원,원문 유지,변경된 지원 조건 문단 전체가 삭제됨
양평어린이 건강놀이터 운영,양평 어린이 건강놀이터 운영,경기,3698,양평 어린이 건강놀이터 운영,공백 정리,공백 제거 후 문자열 동일
출산 후 가정에 1년 동안 대면 및 비대면건강관리 서비스 제공 산모 및 영아 건강관리 맞춤형 교육 및 상담 필요 시 보건소 내 보건복지 서비스 연계 제공 출산.돌 축하용품 제공,출산 후 가정에 1년 동안 대면 및 비대면건강관리 서비스 제공 산모 및 영아 건강관리 맞춤형 교육 및 상담 필요 시 보건소 내 보건복지 서비스 연계 제공 출산돌 축하용품 제공,경기,3722,모자보건증진 원스톱 방문서비스,원문 유지,'출산.돌'의 구분자가 삭제되어 모호한 표현이 됨
지원대상 : 초등학생 자녀를 포함 한 가족 32가정 지원내용 : 관내 문화탐방 및 글램핑 활동,지원대상 : 초등학생 자녀를 포함한 가족 32가정 지원내용 : 관내 문화탐방 및 글램핑 활동,경기,3733,자녀와 함께하는 문화유적답사,공백 정리,공백 제거 후 문자열 동일
관내 180일 이상 거주한 입양가정 및 출산 가정에 출산.입양장려금 지원,관내 180일 이상 거주한 입양가정 및 출산 가정에 출산·입양장려금 지원,경기,3766,출산･입양장려금 지원,명백한 오탈자 교정,문맥상 명백한 오탈자 또는 문장부호 교정
행사 및 다양한 프로그램을 통한 놀이와 체험으로 아이들과 가족들이 함게하는 참여형 온/오프라인 어린이날 축제 개최,행사 및 다양한 프로그램을 통한 놀이와 체험으로 아이들과 가족들이 함께 하는 참여형 온/오프라인 어린이날 축제 개최,경기,3771,과천 어린이 축제,명백한 오탈자 교정,문맥상 명백한 오탈자 또는 문장부호 교정
지원대상 : 관내65세 이상 노인 사업내용 : 건강동아리 구성을 통한 건강증진프로그램 운영,지원대상 : 관내 65세 이상 노인 사업내용 : 건강동아리 구성을 통한 건강증진프로그램 운영,경기,3903,경로당 중심 노인건강증진사업,공백 정리,공백 제거 후 문자열 동일
효 인성 문화 정착으로 고령사회 문제해결과 지역사회 발전에 이바지,"효문화 지원사업
효 인성 문화 정착으로 고령사회 문제해결과 지역사회 발전에 이바지",경기,3944,효문화 지원사업,원문 유지,사업명이 정제문장 앞에 추가됨
"노인들의 자율적인 친목도모. 취미활동, 정보교환 및 여가활동 등을 할 수 있는 건전한 노인여가복지시설인 경로당의 원활한 운영지원",노인복지시설의 원활한 운영지원,경기,3957,경로당 운영비 지원,원문 유지,친목·취미·정보교환·여가활동 설명이 요약·삭제됨
주간보호센터및 노인일자리전담기관을 설치하여 요양서비스제공 및 노인일자리사업믜 전문성 제고,주간보호센터 및 노인일자리전담기관을 설치하여 요양서비스제공 및 노인일자리사업 전문성 제고,경기,4004,과천 행복드림센터 건립,명백한 오탈자 교정,문맥상 명백한 오탈자 또는 문장부호 교정
고양여성인력개발센터의 직업교육훈련 수료생의 취.창업 및 실전참여 기회 제공,고양여성인력개발센터의 직업교육훈련 수료생의 취창업 및 실전참여 기회 제공,경기,4061,호호 성공 페스티벌,명백한 오탈자 교정,문맥상 명백한 오탈자 또는 문장부호 교정
"관내 무주택 신혼부부(기준중위소득 180%이하, 전세보증금3억원이하 주택거주자, 신혼부부-7년이내혼인신고)에게 주택전세보증금 대출잔액의 1%내에서 최대100만원 지원","관내 무주택 신혼부부(기준중위소득 180%이하, 전세보증금 3억원이하 주택거주자, 신혼부부-7년이내혼인신고)에게 주택전세보증금 대출잔액의 1%내에서 최대100만원 지원",경기,4072,신혼부부 전세자금 대출이자 지원사업,공백 정리,공백 제거 후 문자열 동일
경로당 어르신 대상의 방문 웰 에이징 교육 (총 6회 12시간.) 이었으나 전염병 확산에 따른 조치로 2021년언 학습꾸러미사업으로 전환진행 (어르신 208명 진행),경로당 어르신 대상의 방문 웰 에이징 교육 (총 6회 12시간.) 이었으나 전염병 확산에 따른 조치로 2021년 학습꾸러미사업으로 전환진행 (어르신 208명 진행),경기,4137,경로당 평생교육 그린나래 운영,명백한 오탈자 교정,문맥상 명백한 오탈자 또는 문장부호 교정
"교육학습동아리 역량강화 컨섩팅, 지원공모사업, 전시회, 가가호호 포그젝트, 워크숍, 재능장터 운영 등","교육학습동아리 역량강화 컨설팅, 지원공모사업, 전시회, 가가호호 프로젝트, 워크숍, 재능장터 운영 등",경기,4236,평생학습 동아리 활성화,명백한 오탈자 교정,문맥상 명백한 오탈자 또는 문장부호 교정
다자녀 가정 수강료 면제를 통한 혜택부여,다자녀가정 수강료 면제를 통한 혜택부여,경기,4261,다자녀가정 평생학습관 수강료 면제,공백 정리,공백 제거 후 문자열 동일
중고등학교 신입생 교복비 1인 30만원 이내 지원,중･고등학교 신입생 교복비 1인 30만원 이내 지원,경기,4268,중･고등학교 신입생 교복비 지원,명백한 오탈자 교정,문맥상 명백한 오탈자 또는 문장부호 교정
"빈집 정비 보조금 지원(철거, 보수, 안전조치비) 빈집 매입 활용 사업(빈집 매입 후 임대주택 건설 등) / 2021년도에 총사업비 65억원 전액 출자금으로 지급완료되어 2023년 까지 GH공사에서 사업시행","빈집 정비 보조금 지원(철거, 보수, 안전조치비) 빈집 매입 활용 사업(빈집 매입 후 임대주택 건설 등) / 2021년도에 총사업비 65억원 전액 출자금으로 지급완료되어 2023년까지 GH공사에서 사업시행",경기,4370,주택수급체계 조정 (빈집의 효율적 관리활용),공백 정리,공백 제거 후 문자열 동일
결혼･ 출산 및 가족에 대한 합리적인 가치관을 형성할 수 있는 교육을 실시하여 인구위기 대응,결혼･출산 및 가족에 대한 합리적인 가치관을 형성할 수 있는 교육을 실시하여 인구위기 대응,경기,4393,인구교육 팝업북 제작,공백 정리,공백 제거 후 문자열 동일
"지역주민 누가나 참여가능한 걷기프로그램 운영, 걷기활성화를 위한 기초 마련","지역주민 누구나 참여가능한 걷기프로그램 운영, 걷기활성화를 위한 기초 마련",경기,4444,변화된 생활에서 만나는 건강한 삶 ‘워킹투게더 시흥’,명백한 오탈자 교정,문맥상 명백한 오탈자 또는 문장부호 교정
가족의 유형별로 이원화 되어 있는 가족지원서비스를 가족의 유형에 상관없이 한곳에서 다양한 가족게 대한 보편적이고 포괄적인 서비스 제공,가족의 유형별로 이원화 되어 있는 가족지원서비스를 가족의 유형에 상관없이 한곳에서 다양한 가족에 대한 보편적이고 포괄적인 서비스 제공,경기,4525,가족기능강화지원사업,명백한 오탈자 교정,문맥상 명백한 오탈자 또는 문장부호 교정
"아동발달 지원계좌 지원 : 3,672명","아동발달지원계좌 지원 : 3,672명",강원,4624,아동발달지원계좌 지원(CDA 매칭지원금),공백 정리,공백 제거 후 문자열 동일
보육의 공공성 강화를 위한 민간 어린이집 의 보육교직원 수당 지원(월3~10만원 차등),보육의 공공성 강화를 위한 민간 어린이집 보육교직원 수당 지원(월3~10만원 차등),강원,4729,민간보육시설 보육교사 장기근속수당지급,원문 유지,조사 '의'가 삭제됐으며 두 표현 모두 가능해 교정 여부가 불명확
맞벌이 등의 사유로 양육공백이 발생한 가정에게 아이 돌봄 서비 제공으로 부모의 양육부담 경감 및 가족구성원의 삶의 질 향상에 이바지,맞벌이 등의 사유로 양육공백이 발생한 가정에게 아이 돌봄 서비스 제공으로 부모의 양육부담 경감 및 가족구성원의 삶의 질 향상에 이바지,강원,4761,아이돌봄 본인부담금 지원,명백한 오탈자 교정,문맥상 명백한 오탈자 또는 문장부호 교정
"어린이집 운영비 지원 목표 어린이집 운영비 지원으로 시설운영 부담경감 도모 어린이집 종사자 근무환경 개선 및 업무능력 향상 도모 근거 : 영유아보육법 제36조, 인제군 영유아보육조례 제 21조 내용 어린이집 종사자 장기근속 수당 지원 평가인증어린이집 환경개선비 지원 시간제 보조교사 인건비 지원 어린이집 차량운행비 지원 어린이날 행사 지원 절차 : 보육통합시스템을 통한 신청 → 지급(수당 및 보조금) 지원대상 : 어린이집22개소, 어린이집연합회","어린이집 운영비 지원 목표 어린이집 운영비 지원으로 시설운영 부담경감 도모 어린이집 종사자 근무환경 개선 및 업무능력 향상 도모 근거 : 영유아보육법 제36조, 인제군 영유아보육조례 제21조 내용 어린이집 종사자 장기근속 수당 지원 평가인증어린이집 환경개선비 지원 시간제 보조교사 인건비 지원 어린이집 차량운행비 지원 어린이날 행사 지원 절차 : 보육통합시스템을 통한 신청 → 지급(수당 및 보조금) 지원대상 : 어린이집22개소, 어린이집연합회",강원,4773,어린이집 운영지원,공백 정리,공백 제거 후 문자열 동일
어린이집의 안전한 통확환경제공을 위한 통학차량 동승자 인건비 지원(1일 2시간),어린이집의 안전한 통학환경제공을 위한 통학차량 동승자 인건비 지원(1일 2시간),강원,4778,어린이집 통학차량 등･하원 안전 지원,명백한 오탈자 교정,문맥상 명백한 오탈자 또는 문장부호 교정
인제군 셋째아 이상 출생아 에게 3만원 이내의 건강보험료 지원,인제군 셋째아 이상 출생아에게 3만원 이내의 건강보험료 지원,강원,4836,셋째이상 출생아 건강보험료 지원,공백 정리,공백 제거 후 문자열 동일
첫째아 출산가정 쓰레기 종량제 봉토 지원,첫째아 출산가정 쓰레기 종량제 봉투 지원,강원,4858,첫째아 출산가정 쓰레기 종량제 봉투지원,명백한 오탈자 교정,문맥상 명백한 오탈자 또는 문장부호 교정
"보건소에 등록한 임산부에게 7만원권 임신축하금(지역화폐) 출산가정에 출산꾸러비 지원 (소고기, 미역, 신생아 목욕용품)","보건소에 등록한 임산부에게 7만원권 임신축하금(지역화폐) 출산가정에 출산꾸러미 지원 (소고기, 미역, 신생아 목욕용품)",강원,4865,임신 및 축하기념품지원 사업,명백한 오탈자 교정,문맥상 명백한 오탈자 또는 문장부호 교정
"출산 가정의 부･모 출산양육비 출생순위별 차등 지원 (첫째아 50만원, 둘쨍 100만원, 셋째아 이상 360만원)","출산 가정의 부･모 출산양육비 출생순위별 차등 지원 (첫째아 50만원, 둘째아 100만원, 셋째아 이상 360만원)",강원,4868,출산양육비 지원 사업,명백한 오탈자 교정,문맥상 명백한 오탈자 또는 문장부호 교정
출산가정에 출산지원금 지급 미혼모 임신출산 의료비 지원 정(난)관 복원 시술비 지원,출산가정에 출산지원금 지급 미혼모 임신출산 의료비 지원 정관 복원 시술비 지원,강원,4871,출산장려지원사업,원문 유지,'정(난)관'이 '정관'으로 바뀌어 지원 범위가 달라짐
노인들이 활용 가증한 학교체육시설 개방,노인들이 활용 가능한 학교체육시설 개방,강원,4956,노인운동 사업 활성화(비예산),명백한 오탈자 교정,문맥상 명백한 오탈자 또는 문장부호 교정
건강한 노년생활을 위한 선제적 통합맞춤형 노인겅강관리 프로그램 운영,건강한 노년생활을 위한 선제적 통합맞춤형 노인건강관리 프로그램 운영,강원,4969,평창군 특화 노쇠예방 관리사업,명백한 오탈자 교정,문맥상 명백한 오탈자 또는 문장부호 교정
어르신 체조경연대회 개최,어르신 체조 경연대회 개최,강원,4973,어르신 건강체조 경연대회,공백 정리,공백 제거 후 문자열 동일
"등학교 동아리 운영시 강사료, 재료비, 체험비, 보험료, 차량임차료 지원","고등학교 동아리 운영시 강사료, 재료비, 체험비, 보험료, 차량임차료 지원",강원,5038,관내 고등학교 동아리 운영지원,명백한 오탈자 교정,문맥상 명백한 오탈자 또는 문장부호 교정
반려동물 전문인력 약성 교육 관련 비용 지원,반려동물 전문인력 양성 교육 관련 비용 지원,강원,5042,반려동물 전문인력 양성,명백한 오탈자 교정,문맥상 명백한 오탈자 또는 문장부호 교정
지역인적인프로 확충을 위한 관내 취업시험 대비반 운영,지역인적프로 확충을 위한 관내 취업시험 대비반 운영,강원,5072,취업대비반 운영,원문 유지,불명확한 원문을 임의로 삭제했지만 정제문장도 의미가 불분명
근로자 일자리 제공 및 구인 사업체 인력수급을 위한 구직자･구인사업체 매칭 서비스,근로자 일자리 제공 및 구인 사업체 인력수급을 위한 구직자·구인사업체 매칭 서비스,강원,5074,일자리지원센터 운영,명백한 오탈자 교정,문맥상 명백한 오탈자 또는 문장부호 교정
2022년 1월 1일이후 출생아 전부 200만원 바우처 지급,2022년 1월 1일 이후 출생아 전부 200만원 바우처 지급,충북,5204,첫만남이용권 지원,공백 정리,공백 제거 후 문자열 동일
의료취약지역에 지속적인 산전진찰 서비스를 제공하여임산부와 태아의 건강을 체계적으로 관리,의료취약지역에 지속적인 산전진찰 서비스를 제공하여 임산부와 태아의 건강을 체계적으로 관리,충북,5235,찾아가는 산부인과 운영 지원,공백 정리,공백 제거 후 문자열 동일
대상 : 다문화 학생 및 학부모 내용 : 다문화가족의 안정정 정착 및 사회참여 확대 지원,대상 : 다문화 학생 및 학부모 내용 : 다문화가족의 안정적 정착 및 사회참여 확대 지원,충북,5283,다문화가족의 안정적 정착 및 사회참여 확대,명백한 오탈자 교정,문맥상 명백한 오탈자 또는 문장부호 교정
"아동양욱시설(진여원) 인건비, 운영비 지원","아동양육시설(진여원) 인건비, 운영비 지원",충북,5335,아동복지시설 운영,명백한 오탈자 교정,문맥상 명백한 오탈자 또는 문장부호 교정
"임산부 혈액검사, 철분제 지급 기형아 및 풍진검사비 지원, 영유아 빈혈검사 해피마미 교실 운영 출산육아용품 지원","임산부 혈액검사, 철분제 지급, 기형아 및 풍진검사비 지원, 영유아 빈혈검사, 해피마미 교실 운영, 출산육아용품 지원",충북,5381,임산부･영유아･출산관리 지원,명백한 오탈자 교정,문맥상 명백한 오탈자 또는 문장부호 교정
어린이집에 동하절기 냉난방비 지원 (관내어린이집 15개소),어린이집 동하절기 냉난방비 지원 (관내어린이집 15개소),충북,5417,어린이집 냉･난방비 지원,원문 유지,문맥상 유효한 조사 '에'를 삭제함
정부미지원어린이집 5개소 정부미지원어린이집을이용하는 유아 (만3~5세)아동에게 차액보육료 지원,정부미지원어린이집 5개소 정부미지원어린이집을 이용하는 유아 (만3~5세) 아동에게 차액보육료 지원,충북,5418,어린이집 차액보육료 지원,공백 정리,공백 제거 후 문자열 동일
영동군관내 주소지 출산부에게산모신생아 건강관리 서비스비용90%지원,영동군관내 주소지 출산부에게 산모신생아 건강관리 서비스 비용 90% 지원,충북,5432,산모신생아 산후조리 서비스 비용 지원,공백 정리,공백 제거 후 문자열 동일
"관내 어린이집에 냉,난방비(4개월)지원",관내 어린이집에 냉난방비(4개월)지원,충북,5437,어린이집 냉난방비 지원,명백한 오탈자 교정,문맥상 명백한 오탈자 또는 문장부호 교정
우수 농산물 식재료 공읍을 통한 학교급식의 질 개선,우수 농산물 식재료 공급을 통한 학교급식의 질 개선,충북,5465,학교급식 친환경농축산물 지원,명백한 오탈자 교정,문맥상 명백한 오탈자 또는 문장부호 교정
"사업대상 : 단양군 관내 2020년 10월 1일 이후 출생의 유아가 있는 가족 사 업 비 : 36,000천원(묘목구입:26,000천원/ 식재: 10,000천원) 지원내용 : 탄생목 식재 묘목 및 식수 기념 이름표 및 식재지원","사업대상 : 단양군 관내 2020년 10월 1일 이후 출생의 유아가 있는 가족 사업비 : 36,000천원(묘목구입:26,000천원/ 식재: 10,000천원) 지원내용 : 탄생목 식재 묘목 및 식수 기념 이름표 및 식재지원",충북,5496,2022년 탄생목 지원사업,공백 정리,공백 제거 후 문자열 동일
대 상 자 : 관내 주민등록된 출생아(출생 후 1년 이내 신청 가능) 수혜인원 : 50명 정도,대상자 : 관내 주민등록된 출생아(출생 후 1년 이내 신청 가능) 수혜인원 : 50명 정도,충북,5500,출산축하 액자발급,공백 정리,공백 제거 후 문자열 동일
"경로식당봉사, 도시락배달봉사, 주차 및 안내봉사등 노인 봉사활동 활성화 지원","경로식당봉사, 도시락배달봉사, 주차 및 안내봉사 등 노인 봉사활동 활성화 지원",충북,5527,노인봉사활동 지원,공백 정리,공백 제거 후 문자열 동일
지역사회의 효 문화 확산과 경로효친의 건전한 가족제도 분위기를 조성을 위한 지원,지역사회의 효 문화 확산과 경로효친의 건전한 가족제도 분위기 조성을 위한 지원,충북,5587,효행장려금,명백한 오탈자 교정,문맥상 명백한 오탈자 또는 문장부호 교정
"만 80세 이상 직계존속(효도대상자)과 직계비속 이 주민등록상 동일 세대 내에 함께 거주하는 3세대 이상 가정의 효도대상자를 부양하는 사람에게 월 50,000원 지급","만 80세 이상 직계존속(효도대상자)과 직계비속이 주민등록상 동일 세대 내에 함께 거주하는 3세대 이상 가정의 효도대상자를 부양하는 사람에게 월 50,000원 지급",충북,5598,효도수당 지원,공백 정리,공백 제거 후 문자열 동일
목적 :  우수한 창업기업(기업가) 발굴 육성 대상 :  도내 만20세~39세 이하 신규 및 창업 3년 이내인자 주요내용 :  청년 창업지원자금 융자지원 전달체계 :  충청북도 → 충청북도기업진흥원,목적 : 우수한 창업기업(기업가) 발굴 육성 대상 : 도내 만20세~39세 이하 신규 및 창업 3년 이내인자 주요내용 : 청년 창업지원자금 융자지원 전달체계 : 충청북도 → 충청북도기업진흥원,충북,5613,청년 창업지원자금 융자지원,공백 정리,공백 제거 후 문자열 동일
목적 :  미취업 청년연구자의 안정적 연구 환경 지원 대상 :  도내 만45세 이하 박사학위 소지자 및 박사과정 수료자 주요내용 :  지역문제 해결을 위한 정책 연구 수행 전달체계 :  충청북도 → 충북연구원,목적 : 미취업 청년연구자의 안정적 연구 환경 지원 대상 : 도내 만45세 이하 박사학위 소지자 및 박사과정 수료자 주요내용 : 지역문제 해결을 위한 정책 연구 수행 전달체계 : 충청북도 → 충북연구원,충북,5614,청년연구자 역량강화 지원 사업,공백 정리,공백 제거 후 문자열 동일
목적 :  청년창업기업 육성 및 창업분위기 확산 대상 :  도내 청년 주요내용 :  우수창업기업에 맞춤형 지원 제공 전달체계 :  충청북도 → 충청북도기업진흥원,목적 : 청년창업기업 육성 및 창업분위기 확산 대상 : 도내 청년 주요내용 : 우수창업기업에 맞춤형 지원 제공 전달체계 : 충청북도 → 충청북도기업진흥원,충북,5618,청년창업 우수기업 발굴 육성,공백 정리,공백 제거 후 문자열 동일
목적 :  청년창업기업 육성 및 창업분위기 확산 대상 :  도내 청년 주요내용 :  예비･초기창업팀 창의적 아이템 발굴 전달체계 :  충청북도 → 충청북도기업진흥원,목적 : 청년창업기업 육성 및 창업분위기 확산 대상 : 도내 청년 주요내용 : 예비･초기창업팀 창의적 아이템 발굴 전달체계 : 충청북도 → 충청북도기업진흥원,충북,5619,청년아이템 발굴 경진대회,공백 정리,공백 제거 후 문자열 동일
목적 :  재직 청년들의 역량 강화를 통한 조기정착 및 장기근속 유도 대상 :  중소기업 재직 청년 주요내용 :  취업청년 역량강화 교육 등 전달체계 :  충청북도 → (재)충청북도기업진흥원,목적 : 재직 청년들의 역량 강화를 통한 조기정착 및 장기근속 유도 대상 : 중소기업 재직 청년 주요내용 : 취업청년 역량강화 교육 등 전달체계 : 충청북도 → (재)충청북도기업진흥원,충북,5620,사회초년생 레벨업 지원,공백 정리,공백 제거 후 문자열 동일
목적 :  청년 취업역량강화 대학 프로그램운영 대상 :  도내 소재 대학 주요내용 :  대학별 자율적인 프로그램 운영 전달체계 :  충청북도 → 충청북도기업진흥원,목적 : 청년 취업역량강화 대학 프로그램운영 대상 : 도내 소재 대학 주요내용 : 대학별 자율적 프로그램 운영 전달체계 : 충청북도 → 충청북도기업진흥원,충북,5621,청년 취업역량강화 사업,원문 유지,'자율적인'을 '자율적'으로 문체 변경
목적 :  청년들에게 맞춤형 멘토링을 통한 선배들의 노하우 제공 대상 :  도내 청년 주요내용 :  재직자-구직자와의 멘토링을 통한 다양한 분야의 노하우 제공 전달체계 :  충청북도 → (재)충청북도기업진흥원,목적 : 청년들에게 맞춤형 멘토링을 통한 선배들의 노하우 제공 대상 : 도내 청년 주요내용 : 재직자-구직자와의 멘토링을 통한 다양한 분야의 노하우 제공 전달체계 : 충청북도 → (재)충청북도기업진흥원,충북,5622,사람책대여 프로그램,공백 정리,공백 제거 후 문자열 동일
목적 :  청년일자리 창출에 성과가 있는 우수기업에 고용환경개선지원으로 양질의 청년일자리 창출 및 중소기업 이미지 제고 대상 :  청년일자리 창출 실적 우수한 중소기업 주요내용 :  청년고용 우수기업 선정 지원을 통한 도내 청년일자리 확대 기여10개기업 전달체계 :  충청북도 → 충청북도기업진흥원,목적 : 청년일자리 창출에 성과가 있는 우수기업에 고용환경개선지원으로 양질의 청년일자리 창출 및 중소기업 이미지 제고 대상 : 청년일자리 창출 실적 우수한 중소기업 주요내용 : 청년고용 우수기업 선정 지원을 통한 도내 청년일자리 확대 기여10개기업 전달체계 : 충청북도 → 충청북도기업진흥원,충북,5628,청년일자리 우수기업 지원사업,공백 정리,공백 제거 후 문자열 동일
목적 :  대학 내 취업창업 지원 기능 강화로 청년에게 원스톱 고용서비스 제공 대상 :  도내 소재 대학 주요내용 :  대학별 특성화 진로 프로그램 추진 등 전달체계 :  충청북도 → 선정 대학,목적 : 대학 내 취업창업 지원 기능 강화로 청년에게 원스톱 고용서비스 제공 대상 : 도내 소재 대학 주요내용 : 대학별 특성화 진로 프로그램 추진 등 전달체계 : 충청북도 → 선정 대학,충북,5629,대학일자리센터 운영 지원,공백 정리,공백 제거 후 문자열 동일
"목적 :  청년의 정책참여 확대 대상 :  도내 청년 주요내용 :  청년정책모니터링, 조사연구, 집단토론 전달체계 :  충청북도 → 충청북도기업진흥원","목적 : 청년의 정책참여 확대 대상 : 도내 청년 주요내용 : 청년정책모니터링, 조사연구, 집단토론 전달체계 : 충청북도 → 충청북도기업진흥원",충북,5630,청년공동체 활성화 사업,공백 정리,공백 제거 후 문자열 동일
"목적 :  청년의 정책참여 확대 대상 :  도내 청년 주요내용 :  청년정책모니터링, 조사연구, 집단토론 전달체계 :  충청북도 → 충청북도기업진흥원","목적 : 청년의 정책참여 확대 대상 : 도내 청년 주요내용 : 청년정책모니터링, 조사연구, 집단토론 전달체계 : 충청북도 → 충청북도기업진흥원",충북,5631,제7기 충북청년광장,공백 정리,공백 제거 후 문자열 동일
목적 :  청년 활동지원 복합공간 제공 대상 :  도내 청년 주요내용 :  청년의 다양한 활동지원 및 교류 활성화 전달체계 :  충청북도 → 충청북도기업진흥원,목적 : 청년 활동지원 복합공간 제공 대상 : 도내 청년 주요내용 : 청년의 다양한 활동지원 및 교류 활성화 전달체계 : 충청북도 → 충청북도기업진흥원,충북,5632,충북청년희망센터 운영,공백 정리,공백 제거 후 문자열 동일
목적 :  청년활동의 저변 확대 대상 :  도내 청년 주요내용 :  다양한 분야에서 청년의 참여활동 지원 전달체계 :  충청북도 → 충청북도기업진흥원,목적 : 청년활동의 저변 확대 대상 : 도내 청년 주요내용 : 다양한 분야에서 청년의 참여활동 지원 전달체계 : 충청북도 → 충청북도기업진흥원,충북,5633,청년 커뮤니티 지원,공백 정리,공백 제거 후 문자열 동일
목적 :  청년의 정책참여 확대 대상 :  도내 청년 주요내용 :  위촉직 위원의 7% 이상 청년위원 위촉 전달체계 :  충청북도,목적 : 청년의 정책참여 확대 대상 : 도내 청년 주요내용 : 위촉직 위원의 7% 이상 청년위원 위촉 전달체계 : 충청북도,충북,5634,정책과정에 청년 참여 확대,공백 정리,공백 제거 후 문자열 동일
목적 :  대학생 장학금 지원을 통한 교육복지 증진 대상 :  도내 청년 주요내용 :  성적 등 분야별 대학생 장학금 지급 전달체계 :  충북인재양성재단,목적 : 대학생 장학금 지원을 통한 교육복지 증진 대상 : 도내 청년 주요내용 : 성적 등 분야별 대학생 장학금 지급 전달체계 : 충북인재양성재단,충북,5635,대학생 장학금 지원,공백 정리,공백 제거 후 문자열 동일
목적 :  대학생들의 재능을 지역사회 나눔 대상 :  도내 청년 주요내용 :  대학생 재능나눔 활동 지원 전달체계 :  충북인재양성재단,목적 : 대학생들의 재능을 지역사회 나눔 대상 : 도내 청년 주요내용 : 대학생 재능나눔 활동 지원 전달체계 : 충북인재양성재단,충북,5636,대학생 재능나눔,공백 정리,공백 제거 후 문자열 동일
"목적 :  초･중･고･특수학교 무상급식비 지원을 통한 학부모 교육비 부담 완화, 차별없는 교육환경 조성 대상 :  도내 초･중･고･특수학교 학생 167,685명(’21.6 학생배치기준) (사업기간) 2022.1월~2022.12월(185일, 중식 제공) (사업비) - (사 업 비) 79,760,092천원(식품비) - 도 24,151,256천원, 시군 36,226,883천원, 교육청 19,381,953천원","목적 : 초･중･고･특수학교 무상급식비 지원을 통한 학부모 교육비 부담 완화, 차별없는 교육환경 조성 대상 : 도내 초･중･고･특수학교 학생 167,685명(’21.6 학생배치기준) (사업기간) 2022.1월~2022.12월(185일, 중식 제공) (사업비) - (사업비) 79,760,092천원(식품비) - 도 24,151,256천원, 시군 36,226,883천원, 교육청 19,381,953천원",충북,5637,초중고특수학교 무상급식 지원,공백 정리,공백 제거 후 문자열 동일
지원대상 : 도내 평생교육사 지원내용 : 청년 평생교육사 대상 모니터링단 구축으로 커리아 개발등을 위한 정보제공 프로그램 지원 운영,지원대상 : 도내 평생교육사 지원내용 : 청년 평생교육사 대상 모니터링단 구축으로 커리어 개발등을 위한 정보제공 프로그램 지원 운영,충북,5643,평생교육사 모니터링단 운영,명백한 오탈자 교정,문맥상 명백한 오탈자 또는 문장부호 교정
지원대상 : 드론 방제단 희망 청년농업인 지원내용 : 농업용 드론 전문인력 양성을 위한 드론 실무 및 자격증 취득 프로그램 운영 지원,지원대상: 드론 방제단 희망 청년농업인 지원내용: 농업용 드론 전문인력 양성을 위한 드론 실무 및 자격증 취득 프로그램 운영 지원,충북,5644,4차 산업혁명 미래인재 인큐베이팅 과정,공백 정리,공백 제거 후 문자열 동일
"목적 :  대학생들에게 학자금 이자지원을 통해 경제적 부담 경감 대상 :  대학생, 휴학생, 졸업후2년이내 미취업자 주요내용 :  학자금 대출에 따른 발생이자 지원 전달체계 :  충청북도 → (재)충북인재양성재단","목적 : 대학생들에게 학자금 이자지원을 통해 경제적 부담 경감 대상 : 대학생, 휴학생, 졸업후2년이내 미취업자 주요내용 : 학자금 대출에 따른 발생이자 지원 전달체계 : 충청북도 → (재)충북인재양성재단",충북,5646,대학생 학자금 이자 지원,공백 정리,공백 제거 후 문자열 동일
목적 :  학자금 대출이자 지원만으로는 신용유의정보 등록자 구제 한계로 초입금 지원으로 경제적 자립기반 마련 대상 :  한국장학재단의 학자금대출 부실채무자로 신용유의정보에 등록된 자 주요내용 :  대출상환 약정 체결 시 초입금(5%) 지원 전달체계 :  충청북도 → (재)충북인재양성재단,목적 : 학자금 대출이자 지원만으로는 신용유의정보 등록자 구제 한계로 초입금 지원으로 경제적 자립기반 마련 대상 : 한국장학재단의 학자금대출 부실채무자로 신용유의정보에 등록된 자 주요내용 : 대출상환 약정 체결 시 초입금(5%) 지원 전달체계 : 충청북도 → (재)충북인재양성재단,충북,5647,청년 학자금 대출 부실채무자 신용회복 지원,공백 정리,공백 제거 후 문자열 동일
"목적 :  향토인재 양성을 위한 장학시설(기숙시설)의 관리･운영 대상 :  대학교 신입생, 재학생 주요내용 :  충북학사 운영비 지원 전달체계 :  충청북도 → (재)충북학사","목적 : 향토인재 양성을 위한 장학시설(기숙시설)의 관리･운영 대상 : 대학교 신입생, 재학생 주요내용 : 충북학사 운영비 지원 전달체계 : 충청북도 → (재)충북학사",충북,5648,대학생 주거 지원 (충북학사 운영지원),공백 정리,공백 제거 후 문자열 동일
"노인들의 취미생활, 건강유지, 친목도모 등을 위해 프로그렘 제공","노인들의 취미생활, 건강유지, 친목도모 등을 위해 프로그램 제공",충북,5658,노인대학 지원,명백한 오탈자 교정,문맥상 명백한 오탈자 또는 문장부호 교정
중장년층의 제 2의 인생 설계에 필요한 생애주기별 맞춤형 교육,중장년층의 제2의 인생 설계에 필요한 생애주기별 맞춤형 교육,충북,5659,충주인생디자인학교 운영,공백 정리,공백 제거 후 문자열 동일
민법상 성인(만 19세)으로서 중･고졸 검정고시를 합격한 음성군민에게 장학금 지급,민법상 성인(만 19세)으로서 중·고졸 검정고시를 합격한 음성군민에게 장학금 지급,충북,5728,(재)음성군장학회 군민평생장학금 지원,명백한 오탈자 교정,문맥상 명백한 오탈자 또는 문장부호 교정
"목적 : 인구문제의 심각성에 대한 공감대 형성 도민 참여분이기 확산 사업내용 순회인구교육 : 연중 85회 6,000명, 인구감소의 심각성, 출산장려 교육 인구의 날 기념 및 문화행사 : 7월 / 예술의 전당(예정) / 300명, 기념식 및 공연, 홍보부스 운영 등 ※ 인구의날 7.11 임산부를 위한 힐링EQ 콘서트 : 10월 / 예술의 전당(예정)/ 300명, 특강, 콘서트 등 ※ 임산부의날 10.10, 인구문제 대응 시･군 릴레이 캠페인 : 5~10월 / 시.군 지역축제장 / 11회","목적 : 인구문제의 심각성에 대한 공감대 형성 도민 참여분위기 확산 사업내용 순회인구교육 : 연중 85회 6,000명, 인구감소의 심각성, 출산장려 교육 인구의 날 기념 및 문화행사 : 7월 / 예술의 전당(예정) / 300명, 기념식 및 공연, 홍보부스 운영 등 ※ 인구의날 7.11 임산부를 위한 힐링EQ 콘서트 : 10월 / 예술의 전당(예정)/ 300명, 특강, 콘서트 등 ※ 임산부의날 10.10, 인구문제 대응 시･군 릴레이 캠페인 : 5~10월 / 시.군 지역축제장 / 11회",충북,5747,인구문제 대응 도민인식개선 사업 지원,명백한 오탈자 교정,문맥상 명백한 오탈자 또는 문장부호 교정
"이통장, 시민, 중･고등학교, 유치원 대상 맞춤형 인구교육 추진 사이버 인구교육으로 공직자 교육","이통장, 시민, 중·고등학교, 유치원 대상 맞춤형 인구교육 추진 사이버 인구교육으로 공직자 교육",충북,5748,찾아가는 맞춤형 인구교육,명백한 오탈자 교정,문맥상 명백한 오탈자 또는 문장부호 교정
어린이집 이용 보육료 및 기본보육료등 지원,어린이집 이용 보육료 및 기본보육료 등 지원,충남,5808,영유아보육료,공백 정리,공백 제거 후 문자열 동일
"어르신들이 활기차고 건강한 노후생활을 영위 할 수 있도록 다양한 일자리, 사회활동을 지원하여 노인복지 향상에 기여","어르신들이 활기차고 건강한 노후생활을 영위할 수 있도록 다양한 일자리, 사회활동을 지원하여 노인복지 향상에 기여",충남,5936,노인일자리 및 사회활동지원사업,공백 정리,공백 제거 후 문자열 동일
"지원대상 : 지역아동센터 236게소 지원내용 : 토요운영 추가 지원, 운영･사업비 및 급식인력 지원","지원대상 : 지역아동센터 236개소 지원내용 : 토요운영 추가 지원, 운영･사업비 및 급식인력 지원",충남,6026,지역아동센터 지원(포괄),명백한 오탈자 교정,문맥상 명백한 오탈자 또는 문장부호 교정
첫째30만원 둘째50만원 셋째아 이상 100만원 지원,첫째 30만원 둘째 50만원 셋째아 이상 100만원 지원,충남,6041,출생축하금 지원,공백 정리,공백 제거 후 문자열 동일
"첫째 1,000천원, 둘째 3,000천원, 셋째 5,000천원, 넷째15,000천원, 다섯째 이상 30,000천원","첫째 1,000천원, 둘째 3,000천원, 셋째 5,000천원, 넷째 15,000천원, 다섯째 이상 30,000천원",충남,6072,출산양육지원금,공백 정리,공백 제거 후 문자열 동일
장애인가정 출산 지원금 지원(아산시 거주 6개월 이상),장애인가정 출산지원금 지원(아산시 거주 6개월 이상),충남,6092,장애인가정 출산지원금 지원,공백 정리,공백 제거 후 문자열 동일
다자녀 가정의 교육비 부담 완화를 위하여 관내 주민등록 둔 다자녀 셋째이상 자녀에게 1인당 10만원 입학축하금 지금,다자녀 가정의 교육비 부담 완화를 위하여 관내 주민등록 둔 다자녀 셋째이상 자녀에게 1인당 10만원 입학축하금 지급,충남,6128,다자녀 입학 축하금 지원,명백한 오탈자 교정,문맥상 명백한 오탈자 또는 문장부호 교정
출생순서에 따라 출산장려급 지원,출생순서에 따라 출산장려금 지원,충남,6168,출산장려금 지급,명백한 오탈자 교정,문맥상 명백한 오탈자 또는 문장부호 교정
"관내 출생아에게 탄생축하카드 제공 및 홍주새마을 금고에서 둘째아 이상 출생아에게 1인당30,000원 적립통장 개설 홍보","관내 출생아에게 탄생축하카드 제공 및 홍주새마을 금고에서 둘째아 이상 출생아에게 1인당 30,000원 적립통장 개설 홍보",충남,6206,탄생축하 서비스,공백 정리,공백 제거 후 문자열 동일
유아 어린이 대상 구강질환 예방 서비스 및 체험형 교육으로 구강건강관리 강화,유아･어린이 대상 구강질환 예방 서비스 및 체험형 교육으로 구강건강관리 강화,충남,6229,유아･어린이 구강보건 사업,명백한 오탈자 교정,문맥상 명백한 오탈자 또는 문장부호 교정
거동불편 재가노인을 위하여 이동세탁차량을 이용 가정에 정기적 방문 이불. 의류 등 세탁서비스 제공,거동불편 재가노인을 위하여 이동세탁차량을 이용 가정에 정기적 방문 이불 의류 등 세탁서비스 제공,충남,6277,이동빨래차 운영지원,명백한 오탈자 교정,문맥상 명백한 오탈자 또는 문장부호 교정
노인여가활동 및 각 종 행사지원,노인여가활동 및 각종 행사지원,충남,6351,노인여가활동 및 각종 행사지원,공백 정리,공백 제거 후 문자열 동일
청년 - 기업간 상호 교류 활성화를 통한 일자리 미스매치 해소,청년-기업간 상호 교류 활성화를 통한 일자리 미스매치 해소,충남,6369,충남 희망이음 프로젝트,공백 정리,공백 제거 후 문자열 동일
"목적 :  도내 청년중심 거버넌스 구축으로 청년 당사자 중심의 정책개발과 청년간 소통망 조성을 통한 청년문제 해결 지원 대상 :  네트워크 118명 주요내용 :  정책연구 분과위 구성 및 활동, 정책발굴 등","목적 : 도내 청년중심 거버넌스 구축으로 청년 당사자 중심의 정책개발과 청년간 소통망 조성을 통한 청년문제 해결 지원 대상 : 네트워크 118명 주요내용 : 정책연구 분과위 구성 및 활동, 정책발굴 등",충남,6377,충남청년네트워크 구성･운영,공백 정리,공백 제거 후 문자열 동일
목적 :  청년이 직접 기획하고 만든 행사로 청년의 기획력 및 주도성 강화 주요내용 :  청년네트워크 위원들의 의견을 수렴하여 청년이 만드는 청년의날 행사운영,목적 : 청년이 직접 기획하고 만든 행사로 청년의 기획력 및 주도성 강화 주요내용 : 청년네트워크 위원들의 의견을 수렴하여 청년이 만드는 청년의날 행사운영,충남,6378,충남청년의 날,공백 정리,공백 제거 후 문자열 동일
청년들의 창업의 꿈을 이룰수 있는 공간 제공,청년들의 창업의 꿈을 이룰 수 있는 공간 제공,충남,6392,청년몰 조성사업 청년 일자리 창출,공백 정리,공백 제거 후 문자열 동일
"평생교육에 소외된 마을 대상 찾아가는 성인문해교육, 교양강좌, 안전교육 프로그램 제공",평생교육소외마을대상찾아가는성인문해교육교양강좌안전교육프로그램제공,충남,6455,모두다 마을학교 사업,원문 유지,조사와 목록 구분자를 삭제하고 문장을 압축함
관내 중．고．대학생에게 생활지원 지급,관내 중·고·대학생에게 생활지원 지급,충남,6457,(재)예산사랑장학회 장학생 선발 및 지원,명백한 오탈자 교정,문맥상 명백한 오탈자 또는 문장부호 교정
관내 중･고･대학생에게 장학금 지원 등,관내 중·고·대학생에게 장학금 지원 등,충남,6470,태안군사랑장학회,명백한 오탈자 교정,문맥상 명백한 오탈자 또는 문장부호 교정
"한부모가정 중,고 신입생 교복 구입비 지원",한부모가정 중·고 신입생 교복 구입비 지원,충남,6494,"한부모가정 중학생, 고등학생 교복 지원",명백한 오탈자 교정,문맥상 명백한 오탈자 또는 문장부호 교정
출생축하 카드 및 기본증명서 발급 서비스,출생축하카드 및 기본증명서 발급 서비스,충남,6500,출생축하카드 및 기본증명서 무료발급,공백 정리,공백 제거 후 문자열 동일
지원대상 : 기준중위소득 180%이하의 고위함 임신질환으로 진단 받고 입원치료 받은 임산부 지원내용 : 대표적 고위험 임신질환으로 입원치료받은 자의 입원치료비 중 비급여 본인부담금 90%지원,지원대상 : 기준중위소득 180%이하의 고위험 임신질환으로 진단 받고 입원치료 받은 임산부 지원내용 : 대표적 고위험 임신질환으로 입원치료받은 자의 입원치료비 중 비급여 본인부담금 90%지원,전북,6570,고위험임산부 의료비 지원,명백한 오탈자 교정,문맥상 명백한 오탈자 또는 문장부호 교정
"종사자 특별수당(5년 미만 120천원, 5년이상 150천원), 명절수당(연400천원) 지원","종사자 특별수당(5년 미만 120천원, 5년 이상 150천원), 명절수당(연 400천원) 지원",전북,6655,지역아동센터 종사자 수당 지원,공백 정리,공백 제거 후 문자열 동일
365알 24시간 연중무휴 시간제 보육운영으로 야간 및 휴일등 보육서비스 제공,365일 24시간 연중무휴 시간제 보육운영으로 야간 및 휴일등 보육서비스 제공,전북,6700,365일 24시간 시간제 보육 운영,명백한 오탈자 교정,문맥상 명백한 오탈자 또는 문장부호 교정
영아출생일1년전부터김제시에주소를두고거주하는 출산가정의 부또는 모에게 출생순위별 출산장려금지원,영아출생일 1년 전부터 김제시에 주소를 두고 거주하는 출산가정의 부 또는 모에게 출생순위별 출산장려금 지원,전북,6742,출산장려금 지원,공백 정리,공백 제거 후 문자열 동일
김제시에주민등록을두고거주하는 임신30주이상~분만1개월이하 가정의 부또는 모에게육아용품과지역상품권 혼합지원,김제시에 주민등록을 두고 거주하는 임신 30주 이상~분만 1개월 이하 가정의 부 또는 모에게 육아용품과 지역상품권 혼합지원,전북,6744,출산축하용품 지원,공백 정리,공백 제거 후 문자열 동일
넷쨰아 이상 출산가정 출생용품비 400만원(4년간 4회 분할) 지원,넷째아 이상 출산가정 출생용품비 400만원(4년간 4회 분할) 지원,전북,6774,넷째아 이상 출생용품비 지원,명백한 오탈자 교정,문맥상 명백한 오탈자 또는 문장부호 교정
"예비, 신혼부부 건강검진 지원으로 건강한 가족문화 조성지원",예비 신혼부부 건강검진 지원으로 건강한 가족문화 조성지원,전북,6781,예비 신혼부부 건강검진,원문 유지,"'예비, 신혼부부'의 쉼표 삭제로 대상 구분 여부가 불명확"
산모신생아 건강관리 서비스 본인부담금 지원,산모신생아건강관리 서비스 이용료 지원,전북,6826,산모신생아건강관리 서비스 이용료 지원,원문 유지,'본인부담금'을 사업명 표현인 '이용료'로 치환
출생일 기준 1년전부터 고창군에 주소를 두고 거준한 산모와 고창군에 출생신고한 신생아 - 서비스기준 표준형범위 내의 본인부담금의 90%이내 지원,출생일 기준 1년전부터 고창군에 주소를 두고 거주한 산모와 고창군에 출생신고한 신생아 - 서비스기준 표준형범위 내의 본인부담금의 90%이내 지원,전북,6829,산모신생아 건강관리 본인부담금 지원,명백한 오탈자 교정,문맥상 명백한 오탈자 또는 문장부호 교정
노인복지 시설종사자의 사기진작을 위해 체육대회및 행사지원,노인복지 시설종사자의 사기진작을 위해 체육대회 및 행사지원,전북,6871,전북 노인복지협회 행사지원,공백 정리,공백 제거 후 문자열 동일
전라북도 노인복지관 운영비비 및 사업비,전라북도 노인복지관 운영비 및 사업비,전북,6933,전라북도 노인복지관 민간위탁 운영지원,명백한 오탈자 교정,문맥상 명백한 오탈자 또는 문장부호 교정
공무원시험준비생 110명에 대한 전문적인 강의 와 관리형독서실 지원,공무원시험준비생 110명에 대한 전문적인 강의와 관리형독서실 지원,전북,6969,공무원시험준비반 운영,공백 정리,공백 제거 후 문자열 동일
"공기관 및 기업 현직자 취업노하우 공유, 기관탐방 등","공공기관 및 기업 현직자 취업노하우 공유, 기관탐방 등",전북,6988,공공기관 대학생 잡 멘토링,명백한 오탈자 교정,문맥상 명백한 오탈자 또는 문장부호 교정
목적 :  구직에 어려움을 느끼는 청년들을 위해 구직 활동에 도움마련 대상 :  익산에 거주하는 미취업 청년 기준중위소득 120%초과~150% 이하인 만18~39세 이하 또는 기준중위소득 150%이하인 만35~39세 이하 주요내용 :  미취업 청년에게 구직활동과 관련된 비용 지급,목적 : 구직에 어려움을 느끼는 청년들을 위해 구직 활동에 도움마련 대상 : 익산에 거주하는 미취업 청년 기준중위소득 120%초과~150% 이하인 만18~39세 이하 또는 기준중위소득 150%이하인 만35~39세 이하 주요내용 : 미취업 청년에게 구직활동과 관련된 비용 지급,전북,7004,청년취업 드림카드 지원,공백 정리,공백 제거 후 문자열 동일
"목적 :  청년에게 안정적인 주거 생활 지원 대상 :  익산시 거주(예정) 만19~39세 이하의 무주택 청년, 신혼부부 주요내용 :  주택임차보증금 대출 추천 및 이자 3.0% 지원","목적 : 청년에게 안정적인 주거 생활 지원 대상 : 익산시 거주(예정) 만19~39세 이하의 무주택 청년, 신혼부부 주요내용 : 주택임차보증금 대출 추천 및 이자 3.0% 지원",전북,7005,청년 주택임차보증금 대출이자지원,공백 정리,공백 제거 후 문자열 동일
목적 :  관내 공공기관에서의 직무체험을 통하여 업무역량 강화 대상 :  관내 1년 이상 주민등록이 되어있는 대학 재학생 및 휴학생 주요내용 :  방학기간을 활용한 행정체혐 연수,목적 : 관내 공공기관에서의 직무체험을 통하여 업무역량 강화 대상 : 관내 1년 이상 주민등록이 되어있는 대학 재학생 및 휴학생 주요내용 : 방학기간을 활용한 행정체험 연수,전북,7006,대학생 행정연수,명백한 오탈자 교정,문맥상 명백한 오탈자 또는 문장부호 교정
목적 :  관내 공공기관 및 기관･단체에서의 직무체험을 통하여 진로탐색의 기회 제공 대상 :  익산시에 주민등록이 되어있는 대학 재학생 및 휴학생 주요내용 :  방학기간을 활용한 관내 공공기관 등 인턴체험 활동,목적 : 관내 공공기관 및 기관･단체에서의 직무체험을 통하여 진로탐색의 기회 제공 대상 : 익산시에 주민등록이 되어있는 대학 재학생 및 휴학생 주요내용 : 방학기간을 활용한 관내 공공기관 등 인턴체험 활동,전북,7007,대학생 단기인턴,공백 정리,공백 제거 후 문자열 동일
"목적 :  청년(예비)창업자들의 안정적인 창업활동 준비를 위한 교육 지원 대상 :  익산에 거주하는 만18~39세 이하 (예비)창업자 주요내용 :  창업관련 교육(세무, 노무, 크라우드 펀딩 등) 및 멘토링","목적 : 청년(예비)창업자들의 안정적인 창업활동 준비를 위한 교육 지원 대상 : 익산에 거주하는 만18~39세 이하 (예비)창업자 주요내용 : 창업관련 교육(세무, 노무, 크라우드 펀딩 등) 및 멘토링",전북,7008,청년창업아카데미,공백 정리,공백 제거 후 문자열 동일
목적 :  청년(예비)창업가를 대상으로 차량을 이용한 업종을 창업 할 경우 차량 구입 지원을 통해 비용 부담 완화 대상 :  익산에 거주하는 만18~39세 이하 (예비)창업자 주요내용 :  차량 구입비 50%지원(최대 1천만원),목적 : 청년(예비)창업가를 대상으로 차량을 이용한 업종을 창업 할 경우 차량 구입 지원을 통해 비용 부담 완화 대상 : 익산에 거주하는 만18~39세 이하 (예비)창업자 주요내용 : 차량 구입비 50%지원(최대 1천만원),전북,7009,청년창업 드림카 구입 지원,공백 정리,공백 제거 후 문자열 동일
목적 :  청년들의 창업 인프라 구축 지원을 통해 청년창업을 활성화시키고 청년일자리 창출 및 창업으로 인한 자립기반 강화 대상 :  익산에 거주하는 만18~39세 이하 (예비)창업자 주요내용 :  시설비 및 임차료 지원 시설비 : 시설비의 50% 지원(팀당 2천만원 한도) 임차료 : 팀당 5십만원/ 월 한도내(연 6백만원)에서 1년간 지원 전달체계 :  시군 → 청년,목적 : 청년들의 창업 인프라 구축 지원을 통해 청년창업을 활성화시키고 청년일자리 창출 및 창업으로 인한 자립기반 강화 대상 : 익산에 거주하는 만18~39세 이하 (예비)창업자 주요내용 : 시설비 및 임차료 지원 시설비 : 시설비의 50% 지원(팀당 2천만원 한도) 임차료 : 팀당 5십만원/ 월 한도내(연 6백만원)에서 1년간 지원 전달체계 : 시군 → 청년,전북,7010,청년(예비)창업자 인프라 구축지원,공백 정리,공백 제거 후 문자열 동일
"목적 :  관내 중소기업에 취업한 청년들의 안정적인 보수로 지역정착 도모 대상 :  익산에 거주하는 만18세 ~ 39세 청년 중 관내 중소기업 동일 사업장에서 1년 이상 근무한 청년 주요내용 :  월 30만원씩 3년간 지급(1인당 최대 1,080만원)","목적 : 관내 중소기업에 취업한 청년들의 안정적인 보수로 지역정착 도모 대상 : 익산에 거주하는 만18세 ~ 39세 청년 중 관내 중소기업 동일 사업장에서 1년 이상 근무한 청년 주요내용 : 월 30만원씩 3년간 지급(1인당 최대 1,080만원)",전북,7011,익산형근로청년수당,공백 정리,공백 제거 후 문자열 동일
목적 :  저소득 근로 청년의 자산형성 지원을 통해 지역에서 안정적으로 경제 기반을 마련할 수 있는 환경을 조성하여 청년의 지역정착을 유도 대상 :  익산시에 거주하는 만18~39세 이하 근로중인 청년 주요내용 :  근로청년이 매월 일정금액을 적립하면 동일금액의 자립지원금을 시에서 매칭하여 3년 만기 시 자립기반 자금으로 활용,목적 : 저소득 근로 청년의 자산형성 지원을 통해 지역에서 안정적으로 경제 기반을 마련할 수 있는 환경을 조성하여 청년의 지역정착을 유도 대상 : 익산시에 거주하는 만18~39세 이하 근로중인 청년 주요내용 : 근로청년이 매월 일정금액을 적립하면 동일금액의 자립지원금을 시에서 매칭하여 3년 만기 시 자립기반 자금으로 활용,전북,7012,청년자산형성통장,공백 정리,공백 제거 후 문자열 동일
"군산시 시민 아이디어 UCC 공모전 대상 : 제한없음 주제 : 군산시 인구정책과 관련한 아이디어 및 홍보영상 군산시민 생활수기 공모전 대상 : 군산시민 주제 : 군산에 살며 겪은 일, 느낀 점 등 군산시 슬기로운 가족사진 공모전 대상 : 군산시민 주제 : 함께 육아, 가족의 소중함 등","군산시 시민 아이디어 UCC 공모전 대상 : 제한없음 주제 : 군산시 인구정책과 관련한 아이디어 및 홍보영상
군산시 생활수기 공모전 대상 : 군산시민 주제 : 군산에 살며 겪은 일, 느낀 점 등
군산시 슬기로운 가족사진 공모전 대상 : 군산시민 주제 : 함께 육아, 가족의 소중함 등",전북,7065,인구정책분야 공모전 추진,원문 유지,'군산시민 생활수기'가 '군산시 생활수기'로 변경됨
국저귀득 후 관내 신규주민등록자 300만원 분할지원,국적취득 후 관내 신규주민등록자 300만원 분할지원,전북,7072,국적취득자 정착 지원,명백한 오탈자 교정,문맥상 명백한 오탈자 또는 문장부호 교정
사업내용 : ① 임신･출산지원 ② 신생아･보육･아이돌봄 ③ 가구별 맞춤지원 ➃ 일과 가정의 양립을 위한 고용 정책 ⑤ 관련기관(정보),사업내용 : ① 임신･출산지원 ② 신생아･보육･아이돌봄 ③ 가구별 맞춤지원 ④ 일과 가정의 양립을 위한 고용 정책 ⑤ 관련기관(정보),전북,7089,인구정책 가이드북 제작,명백한 오탈자 교정,문맥상 명백한 오탈자 또는 문장부호 교정
"출생신고 인증서 및 보관용 액자 제공 (종료) 신생아 사진, 성명, 출생일시, 혈액형, 띠, 별자리 등 기록 아기주민등록증 발급 (신규) 신생아 사진, 성명, 출생일시, 혈액형, 띠, 등 기록하여 주민등록증 형태로 발급","출생신고 인증서 및 보관용 액자 제공 (종료) 신생아 사진, 성명, 출생일시, 혈액형, 띠, 별자리 등 기록 아기주민등록증 발급 (신규) 신생아 사진, 성명, 출생일시, 혈액형, 띠, 별자리 등 기록하여 주민등록증 형태로 발급",전남,7186,출생신고 인증서 발급,원문 유지,신규 사업 설명에 원문에 없던 '별자리' 항목이 추가됨
여수시에 주소를 둔 관내 난임시술부부 난임진단을 받기 위한 검사비 1회20만원 최근 3년이내의 시술완료까지,여수시에 주소를 둔 관내 난임시술부부 난임진단을 받기 위한 검사비 1회 20만원 최근 3년이내의 시술완료까지,전남,7201,난임 기초검진비 지원,공백 정리,공백 제거 후 문자열 동일
신청일 기준 우리시에 주민등록을 둔 임신부 산전검진을 위한 교통비 1인 /10만원,신청일 기준 우리시에 주민등록을 둔 임신부 산전검진을 위한 교통비 1인/10만원,전남,7207,임신부 교통비 지원,공백 정리,공백 제거 후 문자열 동일
예비부모 엽산제 지원 →임신계획 3개월 전부터 3개월분 지급,예비부모 엽산제 지원 → 임신계획 3개월 전부터 3개월분 지급,전남,7230,예비부모 엽산제 지원,공백 정리,공백 제거 후 문자열 동일
• 관내 등록 임신부에에게 태아기형아 무료검진비 2회지원,• 관내 등록 임신부에게 태아기형아 무료검진비 2회 지원,전남,7260,임신부 산전 무료 검진비 지원,명백한 오탈자 교정,문맥상 명백한 오탈자 또는 문장부호 교정
• 아이돌봄지원사업 본인부담금 지원,아이돌봄지원사업 본인부담금 지원,전남,7302,아이돌봄 본인부담금 추가지원,원문 유지,글머리표가 삭제되어 공백·명백한 오탈자 교정 범위를 벗어남
• 출산여성 산후조리 보약,출산여성 산후조리 보약,전남,7323,출산여성 산후 보약지원,원문 유지,글머리표가 삭제되어 공백·명백한 오탈자 교정 범위를 벗어남
• 관내15개소 어린이집 아침밥 보조금 지원,• 관내 15개소 어린이집 아침밥 보조금 지원,전남,7335,어린이집 아침밥지원 사업,공백 정리,공백 제거 후 문자열 동일
• 다함께돌봄센터 이요아동 건강증진 및 종사차처우개선목적,• 다함께돌봄센터 이용아동 건강증진 및 종사자 처우개선 목적,전남,7336,다함께돌봄사업지원,명백한 오탈자 교정,문맥상 명백한 오탈자 또는 문장부호 교정
"• 12개월 분할지급(첫째 120, 둘째240, 셋째720)","• 12개월 분할지급(첫째 120, 둘째 240, 셋째 720)",전남,7340,강진군 신생아 양육비 지원사업,공백 정리,공백 제거 후 문자열 동일
• 공공산후조리원 이용료 30% 감면(신생아의 출생일을 기준으로 3개우러전부터 계속 강진군내에 주민등록을 두고 실제 거주하고 있는 임부),• 공공산후조리원 이용료 30% 감면(신생아의 출생일을 기준으로 3개월전부터 계속 강진군내에 주민등록을 두고 실제 거주하고 있는 임부),전남,7353,공공산후조리원 확대 지원사업,명백한 오탈자 교정,문맥상 명백한 오탈자 또는 문장부호 교정
"• 신선배아 7회/ 150만원 이내, 동결배아 5회/ 50만원 이내, 인공수정 5회/ 30만원 매회 지원","• 신선배아 7회/150만원 이내, 동결배아 5회/50만원 이내, 인공수정 5회/30만원 매회 지원",전남,7408,난임부부 시술비 본인부담금 추가지원,공백 정리,공백 제거 후 문자열 동일
• 지원대상 : 보건소 등록 임산부 • 지원내용 : 관내 임산부를 대상으로이동진료 실시,• 지원대상 : 보건소 등록 임산부 • 지원내용 : 관내 임산부를 대상으로 이동진료 실시,전남,7430,찾아가는 산부인과 운영,공백 정리,공백 제거 후 문자열 동일
• 지원 대상 - 인 력 양 성 : 진도군에 주민등록을 둔 18~64세 지역주민 - 교통지원금 : 진도군 산모에게 서비스를 제공한 산모･신생아 건강관리사 • 지원 내용 - 인 력 양 성 : 교육비 및 여비 - 산모･신생아 건강관리사 교통지원금,• 지원 대상 - 인력 양성 : 진도군에 주민등록을 둔 18~64세 지역주민 - 교통지원금 : 진도군 산모에게 서비스를 제공한 산모･신생아 건강관리사 • 지원 내용 - 인력 양성 : 교육비 및 여비 - 산모･신생아 건강관리사 교통지원금,전남,7449,산모･신생아건강관리사 인력양성 및 교통비 지원,공백 정리,공백 제거 후 문자열 동일
• 경로당 소규모 수선사업 지원,경로당 소규모 수선사업 지원,전남,7535,경로당 소규모 개보수 사업,원문 유지,글머리표가 삭제되어 공백·명백한 오탈자 교정 범위를 벗어남
• 경로당부식비 지원,경로당부식비 지원,전남,7537,경로당 부식비 지원사업,원문 유지,글머리표가 삭제되어 공백·명백한 오탈자 교정 범위를 벗어남
"• 대상 : 밭작물3,000㎡이상 경작하는 여성경영주 또는 공동 경영주 • 사업내용 : 정리정돈 인건비, 간식비, 쓰레기 처리비 지원","• 대상 : 밭작물 3,000㎡ 이상 경작하는 여성경영주 또는 공동 경영주 • 사업내용 : 정리정돈 인건비, 간식비, 쓰레기 처리비 지원",전남,7635,여성농업인 주거시설의 ‘신박한정리’지원,공백 정리,공백 제거 후 문자열 동일
"• 취, 창업 활동 경비 지원(월 50만원, 6개월, 생애 1회)","• 취업·창업 활동 경비 지원(월 50만원, 6개월, 생애 1회)",전남,7684,청년 취업활동수당 지급,명백한 오탈자 교정,문맥상 명백한 오탈자 또는 문장부호 교정
"• 사업내용 : 치매환경조성 및 치매인식개선12개소 (도립4, 시군립12)","• 사업내용 : 치매환경조성 및 치매인식개선 12개소 (도립4, 시군립12)",경북,7836,공립요양병원 치매환자지원프로그램,공백 정리,공백 제거 후 문자열 동일
"• 사업내용 : 치매환경조성 및 치매인식개선12개소 (도립4, 시군립12)","• 사업내용 : 치매환경조성 및 치매인식개선 12개소 (도립4, 시군립12)",경북,7847,공립요양병원 치매환자지원프로그램,공백 정리,공백 제거 후 문자열 동일
• 출산가정 축하축하쿠폰 지원,• 출산가정 축하쿠폰 지원,경북,7935,출산축하쿠폰지원,명백한 오탈자 교정,문맥상 명백한 오탈자 또는 문장부호 교정
"• 정부미지원어린이집 보육교사 처우개선비 지원 1인/ 월 월50,000원~90,000원","• 정부미지원어린이집 보육교사 처우개선비 지원 1인/월 월50,000원~90,000원",경북,7974,정부미지원어린이집 보육교사처우개선비,공백 정리,공백 제거 후 문자열 동일
"• 어린이집 보육아동 간식비 1인/ 월 10,000원","• 어린이집 보육아동 간식비 1인/월 10,000원",경북,7981,어린이보육아동간식비,공백 정리,공백 제거 후 문자열 동일
"• 지원대상 : 주민등록상 출생 신고한가정으로 부 또는 모가 김천시에 주민등록을 두고 실제 거주하는 가정 • 지원내용 : 첫째 300만원, 둘째 500만원, 셋째 800만원, 넷째 1,000만원","• 지원대상 : 주민등록상 출생 신고한 가정으로 부 또는 모가 김천시에 주민등록을 두고 실제 거주하는 가정 • 지원내용 : 첫째 300만원, 둘째 500만원, 셋째 800만원, 넷째 1,000만원",경북,8004,출산장려금 지원,공백 정리,공백 제거 후 문자열 동일
• 3만원범위 내/ 5년납입/ 10년보장/ 만기환급형,• 3만원 범위 내/ 5년 납입/ 10년 보장/ 만기 환급형,경북,8028,출생아 및 입양아 건강보험료 지원,공백 정리,공백 제거 후 문자열 동일
• 지원대상 : 가족단위 지역민 • 주요내용 : 가족단위 여가프로극램 제공을 통한 가족친화 분위기 조성,• 지원대상 : 가족단위 지역민 • 주요내용 : 가족단위 여가프로그램 제공을 통한 가족친화 분위기 조성,경북,8049,찾아가는 가족사랑의 날,명백한 오탈자 교정,문맥상 명백한 오탈자 또는 문장부호 교정
"• 지원대상 : 영주 거주 육아･가사 참여 아빠 30인(자녀연령 만5~8세) • 지원내용 : 부모교육, 활동지원, 간담회, 가족놀이 프로그램 운영 등","• 지원대상 : 영주 거주 육아·가사 참여 아빠 30인(자녀연령 만5~8세) • 지원내용 : 부모교육, 활동지원, 간담회, 가족놀이 프로그램 운영 등",경북,8056,MOM편한 30인의 아빠단 운영,명백한 오탈자 교정,문맥상 명백한 오탈자 또는 문장부호 교정
"• 아동친화도시 추진위원회 운영 • 아동권리교육, 아동청소년참여기구 운영등 • 놀이활동가 양성 및 팝업놀이터 운영 등","• 아동친화도시 추진위원회 운영 • 아동권리교육, 아동청소년참여기구 운영 등 • 놀이활동가 양성 및 팝업놀이터 운영 등",경북,8060,아동친화도시 조성,공백 정리,공백 제거 후 문자열 동일
• 만 0세~ 만5세까지의 직원 자녀를 대상으로직장 어린이집을 운영,• 만 0세~ 만5세까지의 직원 자녀를 대상으로 직장 어린이집을 운영,경북,8104,경산시청 직장어린이집 운영,공백 정리,공백 제거 후 문자열 동일
"• 유모차, 보행기등 40종 175여점 대여","• 유모차, 보행기 등 40종 175여점 대여",경북,8161,출산육아용품지원센터 운영,공백 정리,공백 제거 후 문자열 동일
• 주민등록상 관내 주소를 둔 부 또는모의 출산가정 일정금액 지원,• 주민등록상 관내 주소를 둔 부 또는 모의 출산가정 일정금액 지원,경북,8213,출산장려금 지원,공백 정리,공백 제거 후 문자열 동일
• 임신부 대상 임산부 학교 상･하반기 각1회 운영,• 임신부 대상 임산부 학교 상·하반기 각1회 운영,경북,8222,행복한 임산부 학교 운영,명백한 오탈자 교정,문맥상 명백한 오탈자 또는 문장부호 교정
• 노인들의 다양한 욕구충종 및 봉사활동을 통한 건강한 프로그램 참여로 활기찬 노후와 삶의 질 향상 도모,• 노인들의 다양한 욕구충족 및 봉사활동을 통한 건강한 프로그램 참여로 활기찬 노후와 삶의 질 향상 도모,경북,8276,노인복지관 운영 지원,명백한 오탈자 교정,문맥상 명백한 오탈자 또는 문장부호 교정
• 노인의 날 기념행사를 개최함으로써 노인에 대한 범 시민적 관심제고로 전통적 미풍양속인 경로효친 분위기를 확산 시키고자 함,• 노인의 날 기념행사를 개최함으로써 노인에 대한 범 시민적 관심제고로 전통적 미풍양속인 경로효친 분위기를 확산시키고자 함,경북,8278,노인의 날 행사 지원,공백 정리,공백 제거 후 문자열 동일
• 어버이날 행사 (5월),어버이날 행사 (5월),경북,8299,경로효친사상 제고,원문 유지,글머리표가 삭제되어 공백·명백한 오탈자 교정 범위를 벗어남
• 70세 이상 어른신 월2회 목욕바우처 지급,• 70세 이상 어르신 월2회 목욕바우처 지급,경북,8314,천원목욕탕(어르신목욕비) 지원,명백한 오탈자 교정,문맥상 명백한 오탈자 또는 문장부호 교정
• 다양한 프로그램과 현장체험 학습을 통해 삶의 질을 높에고 제2의 인생 발판 마련 제공,• 다양한 프로그램과 현장체험 학습을 통해 삶의 질을 높이고 제2의 인생 발판 마련 제공,경북,8442,구미시 청춘대학,명백한 오탈자 교정,문맥상 명백한 오탈자 또는 문장부호 교정
• 관내 중･고등학교 신입생 및 전학생 200명 정도 교복구입비 1인당 30만원 내에서 지원,• 관내 중·고등학교 신입생 및 전학생 200명 정도 교복구입비 1인당 30만원 내에서 지원,경북,8490,중고등학교 신입생 교복 구입비 지원,명백한 오탈자 교정,문맥상 명백한 오탈자 또는 문장부호 교정
"• 경종농업분야의 영농규모 확대, 시설 확충 및 개 보수","• 경종농업분야의 영농규모 확대, 시설 확충 및 개보수",경북,8574,귀농정착지원사업,공백 정리,공백 제거 후 문자열 동일
• 귀농인 정착 지원,귀농인 정착 지원,경북,8634,귀향 베이비부머의 안정적 정착 지원 사업,원문 유지,글머리표가 삭제되어 공백·명백한 오탈자 교정 범위를 벗어남
"• 지원대상 : 정부지원 어린이집 및 취약보육 (영아전담, 장애통합 등) 운영 어린이집 • 사업내용 : 정부지원 및 취약보육 어린이집 보육교직원 등 대상 인건비, 수당 지원","• 지원대상 : 정부지원 어린이집 및 취약보육(영아전담, 장애통합 등) 운영 어린이집 • 사업내용 : 정부지원 및 취약보육 어린이집 보육교직원 등 대상 인건비, 수당 지원",경남,8674,보육교직원 인건비 지원,공백 정리,공백 제거 후 문자열 동일
• 21년도 출생아 출산축하금 지급 - 첫쨰 50만원 둘째이상 200만원,• 21년도 출생아 출산축하금 지급 - 첫째 50만원 둘째이상 200만원,경남,8804,출산축하금 지급,명백한 오탈자 교정,문맥상 명백한 오탈자 또는 문장부호 교정
• 민간단체로 부터 공모를 받아 출산장려에 필요한 시책 추진,• 민간단체로부터 공모를 받아 출산장려에 필요한 시책 추진,경남,8836,출산장려 공모사업,공백 정리,공백 제거 후 문자열 동일
"• 지원대상 : 매월 10일 현재 임용보고된 보육교사 • 사업내용 : 보육교사 처우개선비 월 2만원, 보육 시설종사자 하계휴가비 당해연도 7월10일 현재 임용보고 된 종사자","• 지원대상 : 매월 10일 현재 임용보고된 보육교사 • 사업내용 : 보육교사 처우개선비 월 2만원, 보육 시설종사자 하계휴가비 당해연도 7월10일 현재 임용보고된 종사자",경남,8843,보육교사 처우개선비 지원,공백 정리,공백 제거 후 문자열 동일
• 저소득 한부모가족 초･중･고등학교 자녀 교육활동 지원비,• 저소득 한부모가족 초·중·고등학교 자녀 교육활동 지원비,경남,8861,한부모가족 자녀 교육활동비 지원,명백한 오탈자 교정,문맥상 명백한 오탈자 또는 문장부호 교정
"• 첫째자녀 100만원(일시지급), 둘째자녀 200만원 (일시지급), 셋째이상 자녀 600만원(5차분할지급)","• 첫째자녀 100만원(일시지급), 둘째자녀 200만원(일시지급), 셋째이상 자녀 600만원(5차분할지급)",경남,8866,첫째자녀 이상 출산지원금 지원,공백 정리,공백 제거 후 문자열 동일
• 다자녀 가구 수도요금 감면,다자녀 가구 수도요금 감면,경남,8941,셋째아이 이상 수도요금 감면,원문 유지,글머리표가 삭제되어 공백·명백한 오탈자 교정 범위를 벗어남
• 출산축하 및 장려,출산축하 및 장려,경남,8960,출산장려금 지원사업,원문 유지,글머리표가 삭제되어 공백·명백한 오탈자 교정 범위를 벗어남
"• 한부부당 20만원 이내(단, 1회 검사비에 한함) 난임 원인검사 본임부담 의료비 지원","• 한부부당 20만원 이내(단, 1회 검사비에 한함) 난임 원인검사 본인부담 의료비 지원",경남,8975,난임부부 검사비 지원,명백한 오탈자 교정,문맥상 명백한 오탈자 또는 문장부호 교정
• 관내 경로당중 중식 실시 경로당 중식비 지원,• 관내 경로당 중 중식 실시 경로당 중식비 지원,경남,9088,경로당 중식비 지원,공백 정리,공백 제거 후 문자열 동일
• 경로당 신축 사업,경로당 신축 사업,경남,9132,경로당 건립 및 개보수,원문 유지,글머리표가 삭제되어 공백·명백한 오탈자 교정 범위를 벗어남
"• 원스톱 장사서비스 시스테 구축하여 군민 장례 절차 및 비용부담 경감(함안하늘공원, 공설추모 공원, 공설봉안당)","• 원스톱 장사서비스 시스템 구축하여 군민 장례 절차 및 비용부담 경감(함안하늘공원, 공설추모 공원, 공설봉안당)",경남,9150,공설장사시설 운영,명백한 오탈자 교정,문맥상 명백한 오탈자 또는 문장부호 교정
"• (2020) 중학교 신입생 및 전입생 교복구입비 30만원 지원 • (2021, 2022) 중,고등학교 신입생 및 1학년 전입생 교복구입비 30만원 지원","• (2020) 중학교 신입생 및 전입생 교복구입비 30만원 지원 • (2021, 2022) 중·고등학교 신입생 및 1학년 전입생 교복구입비 30만원 지원",경남,9197,교복구입비 지원사업,명백한 오탈자 교정,문맥상 명백한 오탈자 또는 문장부호 교정
• 창년의 창업 초기 자금 부담 경감을 위한 창업 활동비 지원 • 1인당 270만원(월 30만원 × 9개월),• 청년의 창업 초기 자금 부담 경감을 위한 창업 활동비 지원 • 1인당 270만원(월 30만원 × 9개월),경남,9254,청년 창업 수당,명백한 오탈자 교정,문맥상 명백한 오탈자 또는 문장부호 교정
• 관내70개 초중고특수학교의 교육경비 지원,• 관내 70개 초중고 특수학교의 교육경비 지원,경남,9307,초중고 교육과정 운영지원,공백 정리,공백 제거 후 문자열 동일
• 평생학습 프로그램 위탁 운영,평생학습 프로그램 위탁 운영,경남,9328,평생학습 위탁사업 운영,원문 유지,글머리표가 삭제되어 공백·명백한 오탈자 교정 범위를 벗어남
• 합천군 부설 한문대학 프로그램 운영,합천군 부설 한문대학 프로그램 운영,경남,9372,합천군 부설 한문대학 운영,원문 유지,글머리표가 삭제되어 공백·명백한 오탈자 교정 범위를 벗어남
• 저출산인식개선 교육 및 캠펭인 등 실시,• 저출산인식개선 교육 및 캠페인 등 실시,경남,9447,출산장려분위기 조성,명백한 오탈자 교정,문맥상 명백한 오탈자 또는 문장부호 교정
• 여성결혼이미자 모국방문지원 확대,• 여성결혼이민자 모국방문지원 확대,경남,9473,결혼이민자 모국방문 기회 제공,명백한 오탈자 교정,문맥상 명백한 오탈자 또는 문장부호 교정
• 공립.법인 등 정부지원 보육시설 종사자 인건비 및 민간시설 보조교사 인건비 등,• 공립·법인 등 정부지원 보육시설 종사자 인건비 및 민간시설 보조교사 인건비 등,제주,9493,보육돌봄 서비스(교직원인건비) 지원,명백한 오탈자 교정,문맥상 명백한 오탈자 또는 문장부호 교정
"• 혼인.임신.출산.욱아 등으로 경력이 단절된 여성에게 취업상담, 직업교육훈련, 인턴십 및 취업 후 사후관리 등 취업지원 서비스 제공","• 혼인·임신·출산·육아 등으로 경력이 단절된 여성에게 취업상담, 직업교육훈련, 인턴십 및 취업 후 사후관리 등 취업지원 서비스 제공",제주,9539,경력단절여성 등 재취업 지원여성새로일하기센터 운영(3개소),명백한 오탈자 교정,문맥상 명백한 오탈자 또는 문장부호 교정
"• 둘째 자녀 출산시 맞춤형복지 복지점수를500점(50만원), 셋째이상 자녀 출산시 맞춤형복지 복지점수를 1,000점(100만원) 별도 배정","• 둘째 자녀 출산시 맞춤형복지 복지점수를 500점(50만원), 셋째이상 자녀 출산시 맞춤형복지 복지점수를 1,000점(100만원) 별도 배정",제주,9549,직원자녀 출산 축하 복지점수 배정,공백 정리,공백 제거 후 문자열 동일
• 십장생 문화 예술단 운영을 통한 여가 및 무료 봉사 활동 추진,• 십장생 문화예술단 운영을 통한 여가 및 무료 봉사 활동 추진,제주,9629,십장생 문화예술단 운영,공백 정리,공백 제거 후 문자열 동일
"• 장수수당, 이･미용료 및 목욕료, 무주택 독거노인 주거비","• 장수수당, 이·미용료 및 목욕료, 무주택 독거노인 주거비",제주,9642,저소득 노인 생활안정 지원사업,명백한 오탈자 교정,문맥상 명백한 오탈자 또는 문장부호 교정
"• 일반구직자 및 청년층, 특성화 고교 미취업자를 대상으로직업지도, 동행면접 등을 실시하여 일자리미스매칭 해소","• 일반구직자 및 청년층, 특성화 고교 미취업자를 대상으로 직업지도, 동행면접 등을 실시하여 일자리미스매칭 해소",제주,9666,전문직업상담사 취업지원 프로그램,공백 정리,공백 제거 후 문자열 동일
"• 경력단절, 미취업여성 취업상담, 직업교육훈련 및 취.창업연계","• 경력단절, 미취업여성 취업상담, 직업교육훈련 및 취창업연계",제주,9680,제주여성인력개발센터 운영,명백한 오탈자 교정,문맥상 명백한 오탈자 또는 문장부호 교정
